country_code,term,score,rank,refresh_date,country_name,region_name,region_code,week,percent_gain
AR,banfield atlético tucumán,,8,2024-07-22,Argentina,Salta Province,AR-A,2020-01-05,2350
AR,banfield atlético tucumán,,8,2024-07-22,Argentina,Salta Province,AR-A,2020-07-12,2350
AR,banfield atlético tucumán,,8,2024-07-22,Argentina,Salta Province,AR-A,2020-11-08,2350
AR,banfield atlético tucumán,,8,2024-07-22,Argentina,Salta Province,AR-A,2021-02-07,2350
AR,banfield atlético tucumán,,8,2024-07-22,Argentina,Salta Province,AR-A,2021-05-30,2350
AR,banfield atlético tucumán,,8,2024-07-22,Argentina,Salta Province,AR-A,2021-10-24,2350
AR,banfield atlético tucumán,,8,2024-07-22,Argentina,Salta Province,AR-A,2021-12-19,2350
AR,banfield atlético tucumán,,8,2024-07-22,Argentina,Salta Province,AR-A,2021-12-26,2350
AR,banfield atlético tucumán,,8,2024-07-22,Argentina,Salta Province,AR-A,2022-01-23,2350
AR,banfield atlético tucumán,,8,2024-07-22,Argentina,Salta Province,AR-A,2022-08-14,2350
AR,banfield atlético tucumán,,8,2024-07-22,Argentina,Salta Province,AR-A,2022-12-04,2350
AR,banfield atlético tucumán,,8,2024-07-22,Argentina,Salta Province,AR-A,2023-02-05,2350
AR,banfield atlético tucumán,,8,2024-07-22,Argentina,Salta Province,AR-A,2023-02-26,2350
AR,banfield atlético tucumán,,8,2024-07-22,Argentina,Salta Province,AR-A,2023-11-19,2350
AR,banfield atlético tucumán,,8,2024-07-22,Argentina,Salta Province,AR-A,2023-12-03,2350
AR,banfield atlético tucumán,,8,2024-07-22,Argentina,Salta Province,AR-A,2024-01-07,2350
AR,banfield atlético tucumán,,8,2024-07-22,Argentina,Buenos Aires Province,AR-B,2019-08-04,2350
AR,banfield atlético tucumán,,8,2024-07-22,Argentina,Buenos Aires Province,AR-B,2019-09-15,2350
AR,banfield atlético tucumán,,8,2024-07-22,Argentina,Buenos Aires Province,AR-B,2019-10-13,2350
AR,banfield atlético tucumán,,8,2024-07-22,Argentina,Buenos Aires Province,AR-B,2019-10-20,2350
AR,banfield atlético tucumán,,8,2024-07-22,Argentina,Buenos Aires Province,AR-B,2019-11-17,2350
AR,banfield atlético tucumán,,8,2024-07-22,Argentina,Buenos Aires Province,AR-B,2019-12-01,2350
AR,banfield atlético tucumán,,8,2024-07-22,Argentina,Buenos Aires Province,AR-B,2019-12-15,2350
AR,banfield atlético tucumán,,8,2024-07-22,Argentina,Buenos Aires Province,AR-B,2020-07-26,2350
AR,banfield atlético tucumán,,8,2024-07-22,Argentina,Buenos Aires Province,AR-B,2020-08-30,2350
AR,banfield atlético tucumán,,8,2024-07-22,Argentina,Buenos Aires Province,AR-B,2021-01-10,2350
AR,banfield atlético tucumán,,8,2024-07-22,Argentina,Buenos Aires Province,AR-B,2021-05-02,2350
AR,banfield atlético tucumán,,8,2024-07-22,Argentina,Buenos Aires Province,AR-B,2021-06-13,2350
AR,banfield atlético tucumán,,8,2024-07-22,Argentina,Buenos Aires Province,AR-B,2021-06-27,2350
AR,banfield atlético tucumán,,8,2024-07-22,Argentina,Buenos Aires Province,AR-B,2021-08-01,2350
AR,banfield atlético tucumán,,8,2024-07-22,Argentina,Buenos Aires Province,AR-B,2021-10-10,2350
AR,banfield atlético tucumán,,8,2024-07-22,Argentina,Buenos Aires Province,AR-B,2021-10-17,2350
AR,banfield atlético tucumán,,8,2024-07-22,Argentina,Buenos Aires Province,AR-B,2022-02-13,2350
AR,banfield atlético tucumán,,8,2024-07-22,Argentina,Buenos Aires Province,AR-B,2022-03-06,2350
AR,banfield atlético tucumán,,8,2024-07-22,Argentina,Buenos Aires Province,AR-B,2022-06-26,2350
AR,banfield atlético tucumán,,8,2024-07-22,Argentina,Buenos Aires Province,AR-B,2022-07-03,2350
AR,banfield atlético tucumán,,8,2024-07-22,Argentina,Buenos Aires Province,AR-B,2022-07-10,2350
AR,banfield atlético tucumán,,8,2024-07-22,Argentina,Buenos Aires Province,AR-B,2022-09-18,2350
AR,banfield atlético tucumán,,8,2024-07-22,Argentina,Buenos Aires Province,AR-B,2022-10-30,2350
AR,banfield atlético tucumán,,8,2024-07-22,Argentina,Buenos Aires Province,AR-B,2023-04-23,2350
AR,banfield atlético tucumán,,8,2024-07-22,Argentina,Buenos Aires Province,AR-B,2023-05-28,2350
AR,banfield atlético tucumán,,8,2024-07-22,Argentina,Buenos Aires Province,AR-B,2023-06-11,2350
AR,banfield atlético tucumán,,8,2024-07-22,Argentina,Buenos Aires Province,AR-B,2023-07-02,2350
AR,banfield atlético tucumán,,8,2024-07-22,Argentina,Buenos Aires Province,AR-B,2023-09-17,2350
AR,banfield atlético tucumán,,8,2024-07-22,Argentina,Buenos Aires Province,AR-B,2023-10-29,2350
AR,banfield atlético tucumán,,8,2024-07-22,Argentina,Buenos Aires Province,AR-B,2024-03-10,2350
AR,banfield atlético tucumán,,8,2024-07-22,Argentina,Buenos Aires Province,AR-B,2024-05-05,2350
AR,banfield atlético tucumán,,8,2024-07-22,Argentina,Buenos Aires Province,AR-B,2024-05-12,2350
AR,banfield atlético tucumán,,8,2024-07-22,Argentina,Buenos Aires Province,AR-B,2024-06-09,2350
AR,banfield atlético tucumán,,8,2024-07-22,Argentina,Autonomous City of Buenos Aires,AR-C,2020-01-12,2350
AR,banfield atlético tucumán,,8,2024-07-22,Argentina,Autonomous City of Buenos Aires,AR-C,2020-03-15,2350
AR,banfield atlético tucumán,,8,2024-07-22,Argentina,Autonomous City of Buenos Aires,AR-C,2020-04-12,2350
AR,banfield atlético tucumán,,8,2024-07-22,Argentina,Autonomous City of Buenos Aires,AR-C,2020-11-15,2350
AR,banfield atlético tucumán,,8,2024-07-22,Argentina,Autonomous City of Buenos Aires,AR-C,2021-05-09,2350
AR,banfield atlético tucumán,,8,2024-07-22,Argentina,Autonomous City of Buenos Aires,AR-C,2021-05-30,2350
AR,banfield atlético tucumán,,8,2024-07-22,Argentina,Autonomous City of Buenos Aires,AR-C,2022-01-16,2350
AR,banfield atlético tucumán,,8,2024-07-22,Argentina,Autonomous City of Buenos Aires,AR-C,2022-03-06,2350
AR,banfield atlético tucumán,,8,2024-07-22,Argentina,Autonomous City of Buenos Aires,AR-C,2022-05-01,2350
AR,banfield atlético tucumán,,8,2024-07-22,Argentina,Autonomous City of Buenos Aires,AR-C,2022-10-16,2350
AR,banfield atlético tucumán,,8,2024-07-22,Argentina,Autonomous City of Buenos Aires,AR-C,2022-11-13,2350
AR,banfield atlético tucumán,,8,2024-07-22,Argentina,Autonomous City of Buenos Aires,AR-C,2022-12-25,2350
AR,banfield atlético tucumán,,8,2024-07-22,Argentina,Autonomous City of Buenos Aires,AR-C,2023-01-01,2350
AR,banfield atlético tucumán,,8,2024-07-22,Argentina,Autonomous City of Buenos Aires,AR-C,2023-02-12,2350
AR,banfield atlético tucumán,,8,2024-07-22,Argentina,Autonomous City of Buenos Aires,AR-C,2023-04-30,2350
AR,banfield atlético tucumán,,8,2024-07-22,Argentina,Autonomous City of Buenos Aires,AR-C,2023-07-02,2350
AR,banfield atlético tucumán,,8,2024-07-22,Argentina,Autonomous City of Buenos Aires,AR-C,2023-08-06,2350
AR,banfield atlético tucumán,,8,2024-07-22,Argentina,Autonomous City of Buenos Aires,AR-C,2023-08-13,2350
AR,banfield atlético tucumán,,8,2024-07-22,Argentina,Autonomous City of Buenos Aires,AR-C,2023-10-29,2350
AR,banfield atlético tucumán,,8,2024-07-22,Argentina,Autonomous City of Buenos Aires,AR-C,2023-11-05,2350
AR,banfield atlético tucumán,,8,2024-07-22,Argentina,Autonomous City of Buenos Aires,AR-C,2024-01-07,2350
AR,banfield atlético tucumán,,8,2024-07-22,Argentina,Autonomous City of Buenos Aires,AR-C,2024-04-07,2350
AR,banfield atlético tucumán,,8,2024-07-22,Argentina,San Luis Province,AR-D,2019-08-11,2350
AR,banfield atlético tucumán,,8,2024-07-22,Argentina,San Luis Province,AR-D,2019-08-18,2350
AR,banfield atlético tucumán,,8,2024-07-22,Argentina,San Luis Province,AR-D,2019-09-08,2350
AR,banfield atlético tucumán,,8,2024-07-22,Argentina,San Luis Province,AR-D,2020-01-26,2350
AR,banfield atlético tucumán,,8,2024-07-22,Argentina,San Luis Province,AR-D,2020-07-05,2350
AR,banfield atlético tucumán,,8,2024-07-22,Argentina,San Luis Province,AR-D,2020-10-18,2350
AR,banfield atlético tucumán,,8,2024-07-22,Argentina,San Luis Province,AR-D,2020-11-08,2350
AR,banfield atlético tucumán,,8,2024-07-22,Argentina,San Luis Province,AR-D,2020-11-22,2350
AR,banfield atlético tucumán,,8,2024-07-22,Argentina,San Luis Province,AR-D,2021-01-03,2350
AR,banfield atlético tucumán,,8,2024-07-22,Argentina,San Luis Province,AR-D,2021-01-31,2350
AR,banfield atlético tucumán,,8,2024-07-22,Argentina,San Luis Province,AR-D,2021-02-21,2350
AR,banfield atlético tucumán,,8,2024-07-22,Argentina,San Luis Province,AR-D,2021-03-21,2350
AR,banfield atlético tucumán,,8,2024-07-22,Argentina,San Luis Province,AR-D,2021-04-25,2350
AR,banfield atlético tucumán,,8,2024-07-22,Argentina,San Luis Province,AR-D,2021-10-10,2350
AR,banfield atlético tucumán,,8,2024-07-22,Argentina,San Luis Province,AR-D,2021-11-14,2350
AR,banfield atlético tucumán,,8,2024-07-22,Argentina,San Luis Province,AR-D,2021-11-28,2350
AR,banfield atlético tucumán,,8,2024-07-22,Argentina,San Luis Province,AR-D,2022-01-30,2350
AR,banfield atlético tucumán,,8,2024-07-22,Argentina,San Luis Province,AR-D,2022-05-29,2350
AR,banfield atlético tucumán,,8,2024-07-22,Argentina,San Luis Province,AR-D,2022-06-12,2350
AR,banfield atlético tucumán,,8,2024-07-22,Argentina,San Luis Province,AR-D,2022-12-18,2350
AR,banfield atlético tucumán,,8,2024-07-22,Argentina,San Luis Province,AR-D,2022-12-25,2350
AR,banfield atlético tucumán,,8,2024-07-22,Argentina,San Luis Province,AR-D,2023-02-19,2350
AR,banfield atlético tucumán,,8,2024-07-22,Argentina,San Luis Province,AR-D,2024-01-21,2350
AR,banfield atlético tucumán,,8,2024-07-22,Argentina,San Luis Province,AR-D,2024-02-18,2350
AR,banfield atlético tucumán,,8,2024-07-22,Argentina,San Luis Province,AR-D,2024-05-05,2350
AR,banfield atlético tucumán,,8,2024-07-22,Argentina,Entre Rios,AR-E,2019-08-04,2350
AR,banfield atlético tucumán,,8,2024-07-22,Argentina,Entre Rios,AR-E,2020-01-19,2350
AR,banfield atlético tucumán,,8,2024-07-22,Argentina,Entre Rios,AR-E,2020-03-08,2350
AR,banfield atlético tucumán,,8,2024-07-22,Argentina,Entre Rios,AR-E,2020-05-31,2350
AR,banfield atlético tucumán,,8,2024-07-22,Argentina,Entre Rios,AR-E,2020-07-19,2350
AR,banfield atlético tucumán,,8,2024-07-22,Argentina,Entre Rios,AR-E,2020-11-29,2350
AR,banfield atlético tucumán,,8,2024-07-22,Argentina,Entre Rios,AR-E,2021-03-21,2350
AR,banfield atlético tucumán,,8,2024-07-22,Argentina,Entre Rios,AR-E,2021-04-25,2350
AR,banfield atlético tucumán,,8,2024-07-22,Argentina,Entre Rios,AR-E,2021-05-09,2350
AR,banfield atlético tucumán,,8,2024-07-22,Argentina,Entre Rios,AR-E,2022-01-09,2350
AR,banfield atlético tucumán,,8,2024-07-22,Argentina,Entre Rios,AR-E,2022-04-10,2350
AR,banfield atlético tucumán,,8,2024-07-22,Argentina,Entre Rios,AR-E,2022-08-21,2350
AR,banfield atlético tucumán,,8,2024-07-22,Argentina,Entre Rios,AR-E,2022-11-20,2350
AR,banfield atlético tucumán,,8,2024-07-22,Argentina,Entre Rios,AR-E,2023-02-05,2350
AR,banfield atlético tucumán,,8,2024-07-22,Argentina,Entre Rios,AR-E,2023-03-26,2350
AR,banfield atlético tucumán,,8,2024-07-22,Argentina,Entre Rios,AR-E,2023-05-14,2350
AR,banfield atlético tucumán,,8,2024-07-22,Argentina,Entre Rios,AR-E,2023-06-25,2350
AR,banfield atlético tucumán,,8,2024-07-22,Argentina,Entre Rios,AR-E,2023-10-29,2350
AR,banfield atlético tucumán,,8,2024-07-22,Argentina,Entre Rios,AR-E,2024-02-25,2350
AR,banfield atlético tucumán,,8,2024-07-22,Argentina,Entre Rios,AR-E,2024-03-03,2350
AR,banfield atlético tucumán,,8,2024-07-22,Argentina,Entre Rios,AR-E,2024-04-07,2350
AR,banfield atlético tucumán,,8,2024-07-22,Argentina,Entre Rios,AR-E,2024-06-02,2350
AR,banfield atlético tucumán,,8,2024-07-22,Argentina,Entre Rios,AR-E,2024-06-16,2350
AR,banfield atlético tucumán,,8,2024-07-22,Argentina,Entre Rios,AR-E,2024-07-07,2350
AR,banfield atlético tucumán,,8,2024-07-22,Argentina,La Rioja Province,AR-F,2019-08-11,2350
AR,banfield atlético tucumán,,8,2024-07-22,Argentina,La Rioja Province,AR-F,2019-08-18,2350
AR,banfield atlético tucumán,,8,2024-07-22,Argentina,La Rioja Province,AR-F,2019-09-01,2350
AR,banfield atlético tucumán,,8,2024-07-22,Argentina,La Rioja Province,AR-F,2019-09-22,2350
AR,banfield atlético tucumán,,8,2024-07-22,Argentina,La Rioja Province,AR-F,2019-12-01,2350
AR,banfield atlético tucumán,,8,2024-07-22,Argentina,La Rioja Province,AR-F,2020-01-12,2350
AR,banfield atlético tucumán,,8,2024-07-22,Argentina,La Rioja Province,AR-F,2020-03-22,2350
AR,banfield atlético tucumán,,8,2024-07-22,Argentina,La Rioja Province,AR-F,2020-10-11,2350
AR,banfield atlético tucumán,,8,2024-07-22,Argentina,La Rioja Province,AR-F,2020-11-08,2350
AR,banfield atlético tucumán,,8,2024-07-22,Argentina,La Rioja Province,AR-F,2021-01-03,2350
AR,banfield atlético tucumán,,8,2024-07-22,Argentina,La Rioja Province,AR-F,2021-03-28,2350
AR,banfield atlético tucumán,,8,2024-07-22,Argentina,La Rioja Province,AR-F,2021-05-16,2350
AR,banfield atlético tucumán,,8,2024-07-22,Argentina,La Rioja Province,AR-F,2021-11-21,2350
AR,banfield atlético tucumán,,8,2024-07-22,Argentina,La Rioja Province,AR-F,2022-02-13,2350
AR,banfield atlético tucumán,,8,2024-07-22,Argentina,La Rioja Province,AR-F,2022-02-27,2350
AR,banfield atlético tucumán,,8,2024-07-22,Argentina,La Rioja Province,AR-F,2022-05-22,2350
AR,banfield atlético tucumán,,8,2024-07-22,Argentina,La Rioja Province,AR-F,2022-09-11,2350
AR,banfield atlético tucumán,,8,2024-07-22,Argentina,La Rioja Province,AR-F,2023-01-01,2350
AR,banfield atlético tucumán,,8,2024-07-22,Argentina,La Rioja Province,AR-F,2023-01-29,2350
AR,banfield atlético tucumán,,8,2024-07-22,Argentina,La Rioja Province,AR-F,2023-07-23,2350
AR,banfield atlético tucumán,,8,2024-07-22,Argentina,La Rioja Province,AR-F,2023-07-30,2350
AR,banfield atlético tucumán,,8,2024-07-22,Argentina,La Rioja Province,AR-F,2024-01-21,2350
AR,banfield atlético tucumán,,8,2024-07-22,Argentina,La Rioja Province,AR-F,2024-02-04,2350
AR,banfield atlético tucumán,,8,2024-07-22,Argentina,La Rioja Province,AR-F,2024-02-11,2350
AR,banfield atlético tucumán,,8,2024-07-22,Argentina,La Rioja Province,AR-F,2024-02-18,2350
AR,banfield atlético tucumán,,8,2024-07-22,Argentina,La Rioja Province,AR-F,2024-03-17,2350
AR,banfield atlético tucumán,,8,2024-07-22,Argentina,Santiago del Estero Province,AR-G,2019-08-25,2350
AR,banfield atlético tucumán,,8,2024-07-22,Argentina,Santiago del Estero Province,AR-G,2020-04-26,2350
AR,banfield atlético tucumán,,8,2024-07-22,Argentina,Santiago del Estero Province,AR-G,2020-06-07,2350
AR,banfield atlético tucumán,,8,2024-07-22,Argentina,Santiago del Estero Province,AR-G,2020-07-05,2350
AR,banfield atlético tucumán,,8,2024-07-22,Argentina,Santiago del Estero Province,AR-G,2020-10-11,2350
AR,banfield atlético tucumán,,8,2024-07-22,Argentina,Santiago del Estero Province,AR-G,2020-11-29,2350
AR,banfield atlético tucumán,,8,2024-07-22,Argentina,Santiago del Estero Province,AR-G,2020-12-27,2350
AR,banfield atlético tucumán,,8,2024-07-22,Argentina,Santiago del Estero Province,AR-G,2021-05-09,2350
AR,banfield atlético tucumán,,8,2024-07-22,Argentina,Santiago del Estero Province,AR-G,2021-05-30,2350
AR,banfield atlético tucumán,,8,2024-07-22,Argentina,Santiago del Estero Province,AR-G,2021-06-06,2350
AR,banfield atlético tucumán,,8,2024-07-22,Argentina,Santiago del Estero Province,AR-G,2021-07-04,2350
AR,banfield atlético tucumán,,8,2024-07-22,Argentina,Santiago del Estero Province,AR-G,2021-08-15,2350
AR,banfield atlético tucumán,,8,2024-07-22,Argentina,Santiago del Estero Province,AR-G,2021-09-12,2350
AR,banfield atlético tucumán,,8,2024-07-22,Argentina,Santiago del Estero Province,AR-G,2021-10-31,2350
AR,banfield atlético tucumán,,8,2024-07-22,Argentina,Santiago del Estero Province,AR-G,2022-03-06,2350
AR,banfield atlético tucumán,,8,2024-07-22,Argentina,Santiago del Estero Province,AR-G,2022-11-06,2350
AR,banfield atlético tucumán,,8,2024-07-22,Argentina,Santiago del Estero Province,AR-G,2023-01-29,2350
AR,banfield atlético tucumán,,8,2024-07-22,Argentina,Santiago del Estero Province,AR-G,2023-04-23,2350
AR,banfield atlético tucumán,,8,2024-07-22,Argentina,Santiago del Estero Province,AR-G,2023-04-30,2350
AR,banfield atlético tucumán,,8,2024-07-22,Argentina,Santiago del Estero Province,AR-G,2023-07-23,2350
AR,banfield atlético tucumán,,8,2024-07-22,Argentina,Santiago del Estero Province,AR-G,2023-11-12,2350
AR,banfield atlético tucumán,,8,2024-07-22,Argentina,Santiago del Estero Province,AR-G,2023-12-24,2350
AR,banfield atlético tucumán,,8,2024-07-22,Argentina,Santiago del Estero Province,AR-G,2024-01-21,2350
AR,banfield atlético tucumán,,8,2024-07-22,Argentina,Santiago del Estero Province,AR-G,2024-03-17,2350
AR,banfield atlético tucumán,,8,2024-07-22,Argentina,Santiago del Estero Province,AR-G,2024-05-12,2350
AR,banfield atlético tucumán,,8,2024-07-22,Argentina,Santiago del Estero Province,AR-G,2024-05-26,2350
AR,banfield atlético tucumán,,8,2024-07-22,Argentina,Santiago del Estero Province,AR-G,2024-07-07,2350
AR,banfield atlético tucumán,,8,2024-07-22,Argentina,Chaco Province,AR-H,2019-09-15,2350
AR,banfield atlético tucumán,,8,2024-07-22,Argentina,Chaco Province,AR-H,2019-09-22,2350
AR,banfield atlético tucumán,,8,2024-07-22,Argentina,Chaco Province,AR-H,2019-12-01,2350
AR,banfield atlético tucumán,,8,2024-07-22,Argentina,Chaco Province,AR-H,2020-01-19,2350
AR,banfield atlético tucumán,,8,2024-07-22,Argentina,Chaco Province,AR-H,2020-01-26,2350
AR,banfield atlético tucumán,,8,2024-07-22,Argentina,Chaco Province,AR-H,2020-02-16,2350
AR,banfield atlético tucumán,,8,2024-07-22,Argentina,Chaco Province,AR-H,2020-02-23,2350
AR,banfield atlético tucumán,,8,2024-07-22,Argentina,Chaco Province,AR-H,2020-04-12,2350
AR,banfield atlético tucumán,,8,2024-07-22,Argentina,Chaco Province,AR-H,2020-06-07,2350
AR,banfield atlético tucumán,,8,2024-07-22,Argentina,Chaco Province,AR-H,2020-08-30,2350
AR,banfield atlético tucumán,,8,2024-07-22,Argentina,Chaco Province,AR-H,2021-03-21,2350
AR,banfield atlético tucumán,,8,2024-07-22,Argentina,Chaco Province,AR-H,2021-04-04,2350
AR,banfield atlético tucumán,,8,2024-07-22,Argentina,Chaco Province,AR-H,2021-04-11,2350
AR,banfield atlético tucumán,,8,2024-07-22,Argentina,Chaco Province,AR-H,2021-06-06,2350
AR,banfield atlético tucumán,,8,2024-07-22,Argentina,Chaco Province,AR-H,2021-07-18,2350
AR,banfield atlético tucumán,,8,2024-07-22,Argentina,Chaco Province,AR-H,2021-09-12,2350
DK,albert rosin harson,,15,2024-07-22,Denmark,North Denmark Region,DK-81,2019-08-18,350
DK,albert rosin harson,,15,2024-07-22,Denmark,North Denmark Region,DK-81,2019-09-01,350
DK,albert rosin harson,,15,2024-07-22,Denmark,North Denmark Region,DK-81,2019-09-29,350
DK,albert rosin harson,,15,2024-07-22,Denmark,North Denmark Region,DK-81,2019-11-17,350
DK,albert rosin harson,,15,2024-07-22,Denmark,North Denmark Region,DK-81,2020-03-15,350
DK,albert rosin harson,,15,2024-07-22,Denmark,North Denmark Region,DK-81,2020-03-29,350
DK,albert rosin harson,,15,2024-07-22,Denmark,North Denmark Region,DK-81,2020-07-19,350
DK,albert rosin harson,,15,2024-07-22,Denmark,North Denmark Region,DK-81,2020-08-09,350
DK,albert rosin harson,100,15,2024-07-22,Denmark,North Denmark Region,DK-81,2020-12-06,350
DK,albert rosin harson,,15,2024-07-22,Denmark,North Denmark Region,DK-81,2021-01-31,350
DK,albert rosin harson,,15,2024-07-22,Denmark,North Denmark Region,DK-81,2021-02-14,350
DK,albert rosin harson,,15,2024-07-22,Denmark,North Denmark Region,DK-81,2021-02-28,350
DK,albert rosin harson,,15,2024-07-22,Denmark,North Denmark Region,DK-81,2021-03-07,350
DK,albert rosin harson,,15,2024-07-22,Denmark,North Denmark Region,DK-81,2021-04-25,350
DK,albert rosin harson,,15,2024-07-22,Denmark,North Denmark Region,DK-81,2021-06-20,350
DK,albert rosin harson,,15,2024-07-22,Denmark,North Denmark Region,DK-81,2021-11-21,350
DK,albert rosin harson,,15,2024-07-22,Denmark,North Denmark Region,DK-81,2021-12-19,350
DK,albert rosin harson,,15,2024-07-22,Denmark,North Denmark Region,DK-81,2022-01-09,350
DK,albert rosin harson,,15,2024-07-22,Denmark,North Denmark Region,DK-81,2022-03-13,350
DK,albert rosin harson,,15,2024-07-22,Denmark,North Denmark Region,DK-81,2022-04-24,350
DK,albert rosin harson,,15,2024-07-22,Denmark,North Denmark Region,DK-81,2022-06-19,350
DK,albert rosin harson,,15,2024-07-22,Denmark,North Denmark Region,DK-81,2022-07-03,350
DK,albert rosin harson,,15,2024-07-22,Denmark,North Denmark Region,DK-81,2022-11-20,350
DK,albert rosin harson,,15,2024-07-22,Denmark,North Denmark Region,DK-81,2023-04-09,350
DK,albert rosin harson,,15,2024-07-22,Denmark,North Denmark Region,DK-81,2023-04-23,350
DK,albert rosin harson,,15,2024-07-22,Denmark,North Denmark Region,DK-81,2023-10-15,350
DK,albert rosin harson,,15,2024-07-22,Denmark,North Denmark Region,DK-81,2023-12-10,350
DK,albert rosin harson,,15,2024-07-22,Denmark,North Denmark Region,DK-81,2023-12-24,350
DK,albert rosin harson,,15,2024-07-22,Denmark,North Denmark Region,DK-81,2024-04-07,350
DK,albert rosin harson,,15,2024-07-22,Denmark,North Denmark Region,DK-81,2024-05-12,350
DK,albert rosin harson,,15,2024-07-22,Denmark,North Denmark Region,DK-81,2024-06-02,350
DK,albert rosin harson,,15,2024-07-22,Denmark,North Denmark Region,DK-81,2024-06-16,350
DK,albert rosin harson,,15,2024-07-22,Denmark,North Denmark Region,DK-81,2024-06-30,350
DK,albert rosin harson,,15,2024-07-22,Denmark,Central Denmark Region,DK-82,2019-08-04,350
DK,albert rosin harson,,15,2024-07-22,Denmark,Central Denmark Region,DK-82,2019-10-06,350
DK,albert rosin harson,,15,2024-07-22,Denmark,Central Denmark Region,DK-82,2019-12-22,350
DK,albert rosin harson,,15,2024-07-22,Denmark,Central Denmark Region,DK-82,2020-02-02,350
DK,albert rosin harson,,15,2024-07-22,Denmark,Central Denmark Region,DK-82,2020-04-26,350
DK,albert rosin harson,,15,2024-07-22,Denmark,Central Denmark Region,DK-82,2020-07-12,350
DK,albert rosin harson,,15,2024-07-22,Denmark,Central Denmark Region,DK-82,2020-08-16,350
DK,albert rosin harson,,15,2024-07-22,Denmark,Central Denmark Region,DK-82,2020-09-13,350
DK,albert rosin harson,28,15,2024-07-22,Denmark,Central Denmark Region,DK-82,2020-11-15,350
DK,albert rosin harson,76,15,2024-07-22,Denmark,Central Denmark Region,DK-82,2020-12-06,350
DK,albert rosin harson,,15,2024-07-22,Denmark,Central Denmark Region,DK-82,2020-12-27,350
DK,albert rosin harson,,15,2024-07-22,Denmark,Central Denmark Region,DK-82,2021-01-10,350
DK,albert rosin harson,,15,2024-07-22,Denmark,Central Denmark Region,DK-82,2021-03-28,350
DK,albert rosin harson,,15,2024-07-22,Denmark,Central Denmark Region,DK-82,2021-06-20,350
DK,albert rosin harson,,15,2024-07-22,Denmark,Central Denmark Region,DK-82,2021-10-31,350
DK,albert rosin harson,,15,2024-07-22,Denmark,Central Denmark Region,DK-82,2022-06-05,350
DK,albert rosin harson,,15,2024-07-22,Denmark,Central Denmark Region,DK-82,2022-09-11,350
DK,albert rosin harson,,15,2024-07-22,Denmark,Central Denmark Region,DK-82,2022-10-16,350
DK,albert rosin harson,,15,2024-07-22,Denmark,Central Denmark Region,DK-82,2023-02-26,350
DK,albert rosin harson,,15,2024-07-22,Denmark,Central Denmark Region,DK-82,2023-05-07,350
DK,albert rosin harson,,15,2024-07-22,Denmark,Central Denmark Region,DK-82,2023-05-28,350
DK,albert rosin harson,,15,2024-07-22,Denmark,Central Denmark Region,DK-82,2023-06-04,350
DK,albert rosin harson,,15,2024-07-22,Denmark,Central Denmark Region,DK-82,2023-09-03,350
DK,albert rosin harson,,15,2024-07-22,Denmark,Central Denmark Region,DK-82,2023-11-26,350
DK,albert rosin harson,,15,2024-07-22,Denmark,Central Denmark Region,DK-82,2023-12-03,350
DK,albert rosin harson,,15,2024-07-22,Denmark,Central Denmark Region,DK-82,2023-12-10,350
DK,albert rosin harson,,15,2024-07-22,Denmark,Central Denmark Region,DK-82,2024-04-07,350
DK,albert rosin harson,37,15,2024-07-22,Denmark,Central Denmark Region,DK-82,2024-06-02,350
DK,albert rosin harson,,15,2024-07-22,Denmark,Central Denmark Region,DK-82,2024-06-23,350
DK,albert rosin harson,,15,2024-07-22,Denmark,Region Syddanmark,DK-83,2019-07-21,350
DK,albert rosin harson,33,15,2024-07-22,Denmark,Region Syddanmark,DK-83,2019-12-01,350
DK,albert rosin harson,,15,2024-07-22,Denmark,Region Syddanmark,DK-83,2020-01-12,350
DK,albert rosin harson,,15,2024-07-22,Denmark,Region Syddanmark,DK-83,2020-05-17,350
DK,albert rosin harson,,15,2024-07-22,Denmark,Region Syddanmark,DK-83,2020-06-14,350
DK,albert rosin harson,,15,2024-07-22,Denmark,Region Syddanmark,DK-83,2020-07-12,350
DK,albert rosin harson,,15,2024-07-22,Denmark,Region Syddanmark,DK-83,2020-08-02,350
DK,albert rosin harson,,15,2024-07-22,Denmark,Region Syddanmark,DK-83,2020-09-20,350
DK,albert rosin harson,69,15,2024-07-22,Denmark,Region Syddanmark,DK-83,2020-10-25,350
DK,albert rosin harson,44,15,2024-07-22,Denmark,Region Syddanmark,DK-83,2020-11-08,350
DK,albert rosin harson,34,15,2024-07-22,Denmark,Region Syddanmark,DK-83,2020-11-22,350
DK,albert rosin harson,,15,2024-07-22,Denmark,Region Syddanmark,DK-83,2021-03-14,350
DK,albert rosin harson,,15,2024-07-22,Denmark,Region Syddanmark,DK-83,2021-03-28,350
DK,albert rosin harson,,15,2024-07-22,Denmark,Region Syddanmark,DK-83,2021-06-13,350
DK,albert rosin harson,,15,2024-07-22,Denmark,Region Syddanmark,DK-83,2021-07-18,350
DK,albert rosin harson,,15,2024-07-22,Denmark,Region Syddanmark,DK-83,2022-01-09,350
DK,albert rosin harson,,15,2024-07-22,Denmark,Region Syddanmark,DK-83,2022-02-13,350
DK,albert rosin harson,,15,2024-07-22,Denmark,Region Syddanmark,DK-83,2022-05-01,350
DK,albert rosin harson,,15,2024-07-22,Denmark,Region Syddanmark,DK-83,2022-06-26,350
DK,albert rosin harson,,15,2024-07-22,Denmark,Region Syddanmark,DK-83,2022-07-24,350
DK,albert rosin harson,,15,2024-07-22,Denmark,Region Syddanmark,DK-83,2022-07-31,350
DK,albert rosin harson,,15,2024-07-22,Denmark,Region Syddanmark,DK-83,2022-08-21,350
DK,albert rosin harson,,15,2024-07-22,Denmark,Region Syddanmark,DK-83,2023-01-29,350
DK,albert rosin harson,,15,2024-07-22,Denmark,Region Syddanmark,DK-83,2023-02-12,350
DK,albert rosin harson,,15,2024-07-22,Denmark,Region Syddanmark,DK-83,2023-02-19,350
DK,albert rosin harson,,15,2024-07-22,Denmark,Region Syddanmark,DK-83,2023-03-26,350
DK,albert rosin harson,,15,2024-07-22,Denmark,Region Syddanmark,DK-83,2023-06-11,350
DK,albert rosin harson,,15,2024-07-22,Denmark,Region Syddanmark,DK-83,2024-03-10,350
DK,albert rosin harson,32,15,2024-07-22,Denmark,Region Syddanmark,DK-83,2024-06-09,350
DK,albert rosin harson,,15,2024-07-22,Denmark,Region Syddanmark,DK-83,2024-06-16,350
DK,albert rosin harson,,15,2024-07-22,Denmark,Capital Region of Denmark,DK-84,2019-11-24,350
DK,albert rosin harson,,15,2024-07-22,Denmark,Capital Region of Denmark,DK-84,2020-03-22,350
DK,albert rosin harson,,15,2024-07-22,Denmark,Capital Region of Denmark,DK-84,2020-05-03,350
DK,albert rosin harson,,15,2024-07-22,Denmark,Capital Region of Denmark,DK-84,2020-05-10,350
DK,albert rosin harson,,15,2024-07-22,Denmark,Capital Region of Denmark,DK-84,2020-07-19,350
DK,albert rosin harson,,15,2024-07-22,Denmark,Capital Region of Denmark,DK-84,2020-08-09,350
DK,albert rosin harson,88,15,2024-07-22,Denmark,Capital Region of Denmark,DK-84,2020-12-06,350
DK,albert rosin harson,,15,2024-07-22,Denmark,Capital Region of Denmark,DK-84,2021-02-07,350
DK,albert rosin harson,,15,2024-07-22,Denmark,Capital Region of Denmark,DK-84,2021-03-07,350
DK,albert rosin harson,,15,2024-07-22,Denmark,Capital Region of Denmark,DK-84,2021-03-14,350
DK,albert rosin harson,,15,2024-07-22,Denmark,Capital Region of Denmark,DK-84,2021-06-06,350
DK,albert rosin harson,,15,2024-07-22,Denmark,Capital Region of Denmark,DK-84,2021-08-15,350
DK,albert rosin harson,,15,2024-07-22,Denmark,Capital Region of Denmark,DK-84,2021-12-12,350
DK,albert rosin harson,,15,2024-07-22,Denmark,Capital Region of Denmark,DK-84,2022-01-23,350
DK,albert rosin harson,,15,2024-07-22,Denmark,Capital Region of Denmark,DK-84,2022-02-13,350
DK,albert rosin harson,,15,2024-07-22,Denmark,Capital Region of Denmark,DK-84,2022-03-27,350
DK,albert rosin harson,,15,2024-07-22,Denmark,Capital Region of Denmark,DK-84,2022-05-01,350
DK,albert rosin harson,22,15,2024-07-22,Denmark,Capital Region of Denmark,DK-84,2022-05-29,350
DK,albert rosin harson,,15,2024-07-22,Denmark,Capital Region of Denmark,DK-84,2022-07-03,350
DK,albert rosin harson,,15,2024-07-22,Denmark,Capital Region of Denmark,DK-84,2022-08-21,350
DK,albert rosin harson,,15,2024-07-22,Denmark,Capital Region of Denmark,DK-84,2022-10-30,350
DK,albert rosin harson,,15,2024-07-22,Denmark,Capital Region of Denmark,DK-84,2022-11-13,350
DK,albert rosin harson,25,15,2024-07-22,Denmark,Capital Region of Denmark,DK-84,2022-12-25,350
DK,albert rosin harson,,15,2024-07-22,Denmark,Capital Region of Denmark,DK-84,2023-02-12,350
DK,albert rosin harson,,15,2024-07-22,Denmark,Capital Region of Denmark,DK-84,2023-04-09,350
DK,albert rosin harson,,15,2024-07-22,Denmark,Capital Region of Denmark,DK-84,2023-04-23,350
DK,albert rosin harson,,15,2024-07-22,Denmark,Capital Region of Denmark,DK-84,2023-08-06,350
DK,albert rosin harson,,15,2024-07-22,Denmark,Capital Region of Denmark,DK-84,2023-12-24,350
DK,albert rosin harson,,15,2024-07-22,Denmark,Capital Region of Denmark,DK-84,2024-02-04,350
DK,albert rosin harson,,15,2024-07-22,Denmark,Capital Region of Denmark,DK-84,2024-04-28,350
DK,albert rosin harson,,15,2024-07-22,Denmark,Capital Region of Denmark,DK-84,2024-05-05,350
DK,albert rosin harson,,15,2024-07-22,Denmark,Capital Region of Denmark,DK-84,2024-05-26,350
DK,albert rosin harson,32,15,2024-07-22,Denmark,Capital Region of Denmark,DK-84,2024-06-02,350
DK,albert rosin harson,62,15,2024-07-22,Denmark,Capital Region of Denmark,DK-84,2024-07-21,350
DK,albert rosin harson,,15,2024-07-22,Denmark,Region Zealand,DK-85,2019-12-01,350
DK,albert rosin harson,,15,2024-07-22,Denmark,Region Zealand,DK-85,2020-04-05,350
DK,albert rosin harson,,15,2024-07-22,Denmark,Region Zealand,DK-85,2020-06-07,350
DK,albert rosin harson,100,15,2024-07-22,Denmark,Region Zealand,DK-85,2020-10-11,350
DK,albert rosin harson,,15,2024-07-22,Denmark,Region Zealand,DK-85,2021-03-21,350
DK,albert rosin harson,,15,2024-07-22,Denmark,Region Zealand,DK-85,2021-06-27,350
DK,albert rosin harson,,15,2024-07-22,Denmark,Region Zealand,DK-85,2022-01-30,350
DK,albert rosin harson,,15,2024-07-22,Denmark,Region Zealand,DK-85,2022-07-03,350
DK,albert rosin harson,,15,2024-07-22,Denmark,Region Zealand,DK-85,2022-07-17,350
DK,albert rosin harson,,15,2024-07-22,Denmark,Region Zealand,DK-85,2022-08-28,350
DK,albert rosin harson,,15,2024-07-22,Denmark,Region Zealand,DK-85,2022-09-04,350
DK,albert rosin harson,,15,2024-07-22,Denmark,Region Zealand,DK-85,2022-11-20,350
DK,albert rosin harson,,15,2024-07-22,Denmark,Region Zealand,DK-85,2022-12-25,350
DK,albert rosin harson,,15,2024-07-22,Denmark,Region Zealand,DK-85,2023-01-08,350
DK,albert rosin harson,,15,2024-07-22,Denmark,Region Zealand,DK-85,2023-03-12,350
DK,albert rosin harson,,15,2024-07-22,Denmark,Region Zealand,DK-85,2023-10-29,350
DK,albert rosin harson,,15,2024-07-22,Denmark,Region Zealand,DK-85,2023-11-19,350
DK,albert rosin harson,,15,2024-07-22,Denmark,Region Zealand,DK-85,2024-02-25,350
DK,albert rosin harson,,15,2024-07-22,Denmark,Region Zealand,DK-85,2024-05-26,350
DK,albert rosin harson,,15,2024-07-22,Denmark,Region Zealand,DK-85,2024-06-02,350
DK,albert rosin harson,43,15,2024-07-22,Denmark,Region Zealand,DK-85,2024-07-21,350
DK,astrid lindgren,,3,2024-07-22,Denmark,North Denmark Region,DK-81,2019-07-21,1850
DK,astrid lindgren,,3,2024-07-22,Denmark,North Denmark Region,DK-81,2019-08-25,1850
DK,astrid lindgren,,3,2024-07-22,Denmark,North Denmark Region,DK-81,2019-10-13,1850
DK,astrid lindgren,,3,2024-07-22,Denmark,North Denmark Region,DK-81,2019-11-03,1850
DK,astrid lindgren,,3,2024-07-22,Denmark,North Denmark Region,DK-81,2019-12-08,1850
DK,astrid lindgren,,3,2024-07-22,Denmark,North Denmark Region,DK-81,2020-01-19,1850
DK,astrid lindgren,,3,2024-07-22,Denmark,North Denmark Region,DK-81,2020-01-26,1850
DK,astrid lindgren,,3,2024-07-22,Denmark,North Denmark Region,DK-81,2020-08-09,1850
DK,astrid lindgren,,3,2024-07-22,Denmark,North Denmark Region,DK-81,2020-09-20,1850
DK,astrid lindgren,,3,2024-07-22,Denmark,North Denmark Region,DK-81,2020-11-22,1850
DK,astrid lindgren,,3,2024-07-22,Denmark,North Denmark Region,DK-81,2021-02-21,1850
DK,astrid lindgren,,3,2024-07-22,Denmark,North Denmark Region,DK-81,2021-03-07,1850
DK,astrid lindgren,,3,2024-07-22,Denmark,North Denmark Region,DK-81,2021-04-18,1850
DK,astrid lindgren,,3,2024-07-22,Denmark,North Denmark Region,DK-81,2021-06-06,1850
DK,astrid lindgren,,3,2024-07-22,Denmark,North Denmark Region,DK-81,2021-10-31,1850
DK,astrid lindgren,,3,2024-07-22,Denmark,North Denmark Region,DK-81,2021-11-14,1850
DK,astrid lindgren,,3,2024-07-22,Denmark,North Denmark Region,DK-81,2021-11-28,1850
DK,astrid lindgren,,3,2024-07-22,Denmark,North Denmark Region,DK-81,2022-01-09,1850
DK,astrid lindgren,,3,2024-07-22,Denmark,North Denmark Region,DK-81,2022-04-10,1850
DK,astrid lindgren,,3,2024-07-22,Denmark,North Denmark Region,DK-81,2022-05-22,1850
DK,astrid lindgren,,3,2024-07-22,Denmark,North Denmark Region,DK-81,2022-05-29,1850
DK,astrid lindgren,,3,2024-07-22,Denmark,North Denmark Region,DK-81,2022-06-12,1850
DK,astrid lindgren,,3,2024-07-22,Denmark,North Denmark Region,DK-81,2022-09-25,1850
DK,astrid lindgren,,3,2024-07-22,Denmark,North Denmark Region,DK-81,2023-01-22,1850
DK,astrid lindgren,,3,2024-07-22,Denmark,North Denmark Region,DK-81,2023-02-12,1850
DK,astrid lindgren,,3,2024-07-22,Denmark,North Denmark Region,DK-81,2023-08-13,1850
DK,astrid lindgren,,3,2024-07-22,Denmark,North Denmark Region,DK-81,2023-09-24,1850
DK,astrid lindgren,,3,2024-07-22,Denmark,North Denmark Region,DK-81,2023-10-29,1850
DK,astrid lindgren,,3,2024-07-22,Denmark,North Denmark Region,DK-81,2023-11-05,1850
DK,astrid lindgren,,3,2024-07-22,Denmark,North Denmark Region,DK-81,2024-01-21,1850
DK,astrid lindgren,,3,2024-07-22,Denmark,North Denmark Region,DK-81,2024-03-03,1850
DK,astrid lindgren,,3,2024-07-22,Denmark,North Denmark Region,DK-81,2024-03-17,1850
DK,astrid lindgren,,3,2024-07-22,Denmark,North Denmark Region,DK-81,2024-05-12,1850
DK,astrid lindgren,,3,2024-07-22,Denmark,North Denmark Region,DK-81,2024-06-23,1850
DK,astrid lindgren,,3,2024-07-22,Denmark,Central Denmark Region,DK-82,2019-08-25,1850
DK,astrid lindgren,19,3,2024-07-22,Denmark,Central Denmark Region,DK-82,2019-09-29,1850
DK,astrid lindgren,,3,2024-07-22,Denmark,Central Denmark Region,DK-82,2019-12-08,1850
DK,astrid lindgren,18,3,2024-07-22,Denmark,Central Denmark Region,DK-82,2019-12-15,1850
DK,astrid lindgren,,3,2024-07-22,Denmark,Central Denmark Region,DK-82,2019-12-22,1850
DK,astrid lindgren,18,3,2024-07-22,Denmark,Central Denmark Region,DK-82,2020-04-05,1850
DK,astrid lindgren,14,3,2024-07-22,Denmark,Central Denmark Region,DK-82,2020-04-26,1850
DK,astrid lindgren,,3,2024-07-22,Denmark,Central Denmark Region,DK-82,2020-10-04,1850
DK,astrid lindgren,,3,2024-07-22,Denmark,Central Denmark Region,DK-82,2020-12-13,1850
DK,astrid lindgren,100,3,2024-07-22,Denmark,Central Denmark Region,DK-82,2020-12-20,1850
DK,astrid lindgren,25,3,2024-07-22,Denmark,Central Denmark Region,DK-82,2021-05-16,1850
DK,astrid lindgren,,3,2024-07-22,Denmark,Central Denmark Region,DK-82,2021-10-31,1850
DK,astrid lindgren,,3,2024-07-22,Denmark,Central Denmark Region,DK-82,2021-12-26,1850
DK,astrid lindgren,,3,2024-07-22,Denmark,Central Denmark Region,DK-82,2022-03-20,1850
DK,astrid lindgren,,3,2024-07-22,Denmark,Central Denmark Region,DK-82,2023-01-01,1850
DK,astrid lindgren,,3,2024-07-22,Denmark,Central Denmark Region,DK-82,2023-01-29,1850
DK,astrid lindgren,,3,2024-07-22,Denmark,Central Denmark Region,DK-82,2023-05-14,1850
DK,astrid lindgren,,3,2024-07-22,Denmark,Central Denmark Region,DK-82,2023-10-22,1850
DK,astrid lindgren,,3,2024-07-22,Denmark,Central Denmark Region,DK-82,2023-11-26,1850
DK,astrid lindgren,,3,2024-07-22,Denmark,Central Denmark Region,DK-82,2023-12-24,1850
DK,astrid lindgren,,3,2024-07-22,Denmark,Central Denmark Region,DK-82,2024-01-21,1850
DK,astrid lindgren,,3,2024-07-22,Denmark,Central Denmark Region,DK-82,2024-04-28,1850
DK,astrid lindgren,,3,2024-07-22,Denmark,Central Denmark Region,DK-82,2024-05-12,1850
DK,astrid lindgren,,3,2024-07-22,Denmark,Central Denmark Region,DK-82,2024-06-02,1850
DK,astrid lindgren,,3,2024-07-22,Denmark,Region Syddanmark,DK-83,2019-08-25,1850
DK,astrid lindgren,,3,2024-07-22,Denmark,Region Syddanmark,DK-83,2020-01-19,1850
DK,astrid lindgren,,3,2024-07-22,Denmark,Region Syddanmark,DK-83,2020-04-19,1850
DK,astrid lindgren,17,3,2024-07-22,Denmark,Region Syddanmark,DK-83,2020-05-17,1850
DK,astrid lindgren,,3,2024-07-22,Denmark,Region Syddanmark,DK-83,2020-09-06,1850
DK,astrid lindgren,,3,2024-07-22,Denmark,Region Syddanmark,DK-83,2020-09-27,1850
DK,astrid lindgren,,3,2024-07-22,Denmark,Region Syddanmark,DK-83,2021-02-28,1850
DK,astrid lindgren,,3,2024-07-22,Denmark,Region Syddanmark,DK-83,2021-09-19,1850
DK,astrid lindgren,,3,2024-07-22,Denmark,Region Syddanmark,DK-83,2022-01-30,1850
DK,astrid lindgren,16,3,2024-07-22,Denmark,Region Syddanmark,DK-83,2022-05-22,1850
DK,astrid lindgren,,3,2024-07-22,Denmark,Region Syddanmark,DK-83,2022-08-07,1850
DK,astrid lindgren,19,3,2024-07-22,Denmark,Region Syddanmark,DK-83,2022-09-11,1850
DK,astrid lindgren,,3,2024-07-22,Denmark,Region Syddanmark,DK-83,2022-10-16,1850
DK,astrid lindgren,,3,2024-07-22,Denmark,Region Syddanmark,DK-83,2023-01-29,1850
DK,astrid lindgren,,3,2024-07-22,Denmark,Region Syddanmark,DK-83,2023-03-26,1850
DK,astrid lindgren,,3,2024-07-22,Denmark,Region Syddanmark,DK-83,2023-11-26,1850
DK,astrid lindgren,,3,2024-07-22,Denmark,Region Syddanmark,DK-83,2023-12-31,1850
DK,astrid lindgren,,3,2024-07-22,Denmark,Region Syddanmark,DK-83,2024-03-17,1850
DK,astrid lindgren,10,3,2024-07-22,Denmark,Region Syddanmark,DK-83,2024-07-07,1850
DK,astrid lindgren,,3,2024-07-22,Denmark,Capital Region of Denmark,DK-84,2019-09-08,1850
DK,astrid lindgren,,3,2024-07-22,Denmark,Capital Region of Denmark,DK-84,2019-10-13,1850
DK,astrid lindgren,13,3,2024-07-22,Denmark,Capital Region of Denmark,DK-84,2019-12-01,1850
DK,astrid lindgren,,3,2024-07-22,Denmark,Capital Region of Denmark,DK-84,2020-07-05,1850
DK,astrid lindgren,,3,2024-07-22,Denmark,Capital Region of Denmark,DK-84,2020-08-02,1850
DK,astrid lindgren,12,3,2024-07-22,Denmark,Capital Region of Denmark,DK-84,2020-11-01,1850
DK,astrid lindgren,9,3,2024-07-22,Denmark,Capital Region of Denmark,DK-84,2020-11-29,1850
DK,astrid lindgren,,3,2024-07-22,Denmark,Capital Region of Denmark,DK-84,2020-12-06,1850
DK,astrid lindgren,,3,2024-07-22,Denmark,Capital Region of Denmark,DK-84,2020-12-13,1850
DK,astrid lindgren,9,3,2024-07-22,Denmark,Capital Region of Denmark,DK-84,2021-02-21,1850
DK,astrid lindgren,,3,2024-07-22,Denmark,Capital Region of Denmark,DK-84,2021-02-28,1850
DK,astrid lindgren,11,3,2024-07-22,Denmark,Capital Region of Denmark,DK-84,2021-03-07,1850
DK,astrid lindgren,18,3,2024-07-22,Denmark,Capital Region of Denmark,DK-84,2021-05-02,1850
DK,astrid lindgren,68,3,2024-07-22,Denmark,Capital Region of Denmark,DK-84,2021-05-09,1850
DK,astrid lindgren,9,3,2024-07-22,Denmark,Capital Region of Denmark,DK-84,2021-05-23,1850
DK,astrid lindgren,,3,2024-07-22,Denmark,Capital Region of Denmark,DK-84,2022-01-02,1850
DK,astrid lindgren,,3,2024-07-22,Denmark,Capital Region of Denmark,DK-84,2022-01-23,1850
DK,astrid lindgren,,3,2024-07-22,Denmark,Capital Region of Denmark,DK-84,2022-01-30,1850
DK,astrid lindgren,11,3,2024-07-22,Denmark,Capital Region of Denmark,DK-84,2022-04-10,1850
DK,astrid lindgren,18,3,2024-07-22,Denmark,Capital Region of Denmark,DK-84,2022-05-01,1850
DK,astrid lindgren,,3,2024-07-22,Denmark,Capital Region of Denmark,DK-84,2022-06-12,1850
DK,astrid lindgren,,3,2024-07-22,Denmark,Capital Region of Denmark,DK-84,2022-08-28,1850
DK,astrid lindgren,,3,2024-07-22,Denmark,Capital Region of Denmark,DK-84,2022-10-02,1850
DK,astrid lindgren,,3,2024-07-22,Denmark,Capital Region of Denmark,DK-84,2022-11-27,1850
DK,astrid lindgren,,3,2024-07-22,Denmark,Capital Region of Denmark,DK-84,2023-01-01,1850
DK,astrid lindgren,,3,2024-07-22,Denmark,Capital Region of Denmark,DK-84,2023-01-08,1850
DK,astrid lindgren,,3,2024-07-22,Denmark,Capital Region of Denmark,DK-84,2023-03-12,1850
DK,astrid lindgren,,3,2024-07-22,Denmark,Capital Region of Denmark,DK-84,2023-04-16,1850
DK,astrid lindgren,9,3,2024-07-22,Denmark,Capital Region of Denmark,DK-84,2023-09-03,1850
DK,astrid lindgren,,3,2024-07-22,Denmark,Capital Region of Denmark,DK-84,2023-10-15,1850
DK,astrid lindgren,10,3,2024-07-22,Denmark,Capital Region of Denmark,DK-84,2024-07-07,1850
DK,astrid lindgren,,3,2024-07-22,Denmark,Region Zealand,DK-85,2019-10-13,1850
DK,astrid lindgren,,3,2024-07-22,Denmark,Region Zealand,DK-85,2019-10-20,1850
DK,astrid lindgren,,3,2024-07-22,Denmark,Region Zealand,DK-85,2019-12-15,1850
DK,astrid lindgren,,3,2024-07-22,Denmark,Region Zealand,DK-85,2020-03-01,1850
DK,astrid lindgren,20,3,2024-07-22,Denmark,Region Zealand,DK-85,2020-03-15,1850
DK,astrid lindgren,,3,2024-07-22,Denmark,Region Zealand,DK-85,2020-04-05,1850
DK,astrid lindgren,,3,2024-07-22,Denmark,Region Zealand,DK-85,2020-04-26,1850
DK,astrid lindgren,47,3,2024-07-22,Denmark,Region Zealand,DK-85,2020-12-27,1850
DK,astrid lindgren,,3,2024-07-22,Denmark,Region Zealand,DK-85,2021-05-02,1850
DK,astrid lindgren,,3,2024-07-22,Denmark,Region Zealand,DK-85,2021-05-16,1850
DK,astrid lindgren,,3,2024-07-22,Denmark,Region Zealand,DK-85,2021-07-04,1850
DK,astrid lindgren,,3,2024-07-22,Denmark,Region Zealand,DK-85,2021-10-24,1850
DK,astrid lindgren,26,3,2024-07-22,Denmark,Region Zealand,DK-85,2021-11-14,1850
DK,astrid lindgren,,3,2024-07-22,Denmark,Region Zealand,DK-85,2021-12-26,1850
DK,astrid lindgren,,3,2024-07-22,Denmark,Region Zealand,DK-85,2022-05-22,1850
DK,astrid lindgren,,3,2024-07-22,Denmark,Region Zealand,DK-85,2022-10-23,1850
DK,astrid lindgren,,3,2024-07-22,Denmark,Region Zealand,DK-85,2023-02-26,1850
DK,astrid lindgren,,3,2024-07-22,Denmark,Region Zealand,DK-85,2023-03-19,1850
DK,astrid lindgren,,3,2024-07-22,Denmark,Region Zealand,DK-85,2023-04-23,1850
DK,astrid lindgren,,3,2024-07-22,Denmark,Region Zealand,DK-85,2023-05-14,1850
DK,astrid lindgren,,3,2024-07-22,Denmark,Region Zealand,DK-85,2023-06-04,1850
DK,astrid lindgren,,3,2024-07-22,Denmark,Region Zealand,DK-85,2023-12-17,1850
DK,astrid lindgren,,3,2024-07-22,Denmark,Region Zealand,DK-85,2024-01-28,1850
DK,astrid lindgren,,3,2024-07-22,Denmark,Region Zealand,DK-85,2024-02-18,1850
DK,astrid lindgren,,3,2024-07-22,Denmark,Region Zealand,DK-85,2024-03-03,1850
DK,astrid lindgren,,3,2024-07-22,Denmark,Region Zealand,DK-85,2024-03-24,1850
DK,astrid lindgren,,3,2024-07-22,Denmark,Region Zealand,DK-85,2024-03-31,1850
DK,astrid lindgren,,3,2024-07-22,Denmark,Region Zealand,DK-85,2024-04-07,1850
DK,astrid lindgren,,3,2024-07-22,Denmark,Region Zealand,DK-85,2024-04-14,1850
DK,astrid lindgren,,3,2024-07-22,Denmark,Region Zealand,DK-85,2024-06-09,1850
DK,biden,,18,2024-07-22,Denmark,North Denmark Region,DK-81,2019-07-28,300
DK,biden,,18,2024-07-22,Denmark,North Denmark Region,DK-81,2019-11-17,300
DK,biden,,18,2024-07-22,Denmark,North Denmark Region,DK-81,2019-12-01,300
DK,biden,1,18,2024-07-22,Denmark,North Denmark Region,DK-81,2020-04-05,300
DK,biden,1,18,2024-07-22,Denmark,North Denmark Region,DK-81,2020-04-12,300
DK,biden,,18,2024-07-22,Denmark,North Denmark Region,DK-81,2020-04-19,300
DK,biden,,18,2024-07-22,Denmark,North Denmark Region,DK-81,2020-06-07,300
DK,biden,,18,2024-07-22,Denmark,North Denmark Region,DK-81,2020-06-14,300
DK,biden,2,18,2024-07-22,Denmark,North Denmark Region,DK-81,2020-08-30,300
DK,biden,3,18,2024-07-22,Denmark,North Denmark Region,DK-81,2020-09-20,300
DK,biden,100,18,2024-07-22,Denmark,North Denmark Region,DK-81,2020-11-01,300
DK,biden,1,18,2024-07-22,Denmark,North Denmark Region,DK-81,2020-12-06,300
DK,biden,1,18,2024-07-22,Denmark,North Denmark Region,DK-81,2021-03-14,300
DK,biden,,18,2024-07-22,Denmark,North Denmark Region,DK-81,2021-03-21,300
DK,biden,,18,2024-07-22,Denmark,North Denmark Region,DK-81,2021-07-18,300
DK,biden,,18,2024-07-22,Denmark,North Denmark Region,DK-81,2021-08-22,300
DK,biden,,18,2024-07-22,Denmark,North Denmark Region,DK-81,2021-10-03,300
DK,biden,,18,2024-07-22,Denmark,North Denmark Region,DK-81,2022-01-30,300
DK,biden,3,18,2024-07-22,Denmark,North Denmark Region,DK-81,2022-02-27,300
DK,biden,3,18,2024-07-22,Denmark,North Denmark Region,DK-81,2022-03-20,300
DK,biden,,18,2024-07-22,Denmark,North Denmark Region,DK-81,2022-07-31,300
DK,biden,,18,2024-07-22,Denmark,North Denmark Region,DK-81,2022-08-28,300
DK,biden,1,18,2024-07-22,Denmark,North Denmark Region,DK-81,2022-12-04,300
DK,biden,,18,2024-07-22,Denmark,North Denmark Region,DK-81,2023-01-01,300
DK,biden,1,18,2024-07-22,Denmark,North Denmark Region,DK-81,2023-09-24,300
DK,biden,,18,2024-07-22,Denmark,North Denmark Region,DK-81,2023-10-15,300
DK,biden,1,18,2024-07-22,Denmark,North Denmark Region,DK-81,2023-10-22,300
DK,biden,2,18,2024-07-22,Denmark,North Denmark Region,DK-81,2023-11-12,300
DK,biden,,18,2024-07-22,Denmark,Central Denmark Region,DK-82,2019-07-21,300
DK,biden,,18,2024-07-22,Denmark,Central Denmark Region,DK-82,2019-10-13,300
DK,biden,,18,2024-07-22,Denmark,Central Denmark Region,DK-82,2020-03-29,300
DK,biden,3,18,2024-07-22,Denmark,Central Denmark Region,DK-82,2020-08-16,300
DK,biden,1,18,2024-07-22,Denmark,Central Denmark Region,DK-82,2020-09-06,300
DK,biden,4,18,2024-07-22,Denmark,Central Denmark Region,DK-82,2020-10-04,300
DK,biden,1,18,2024-07-22,Denmark,Central Denmark Region,DK-82,2020-12-06,300
DK,biden,1,18,2024-07-22,Denmark,Central Denmark Region,DK-82,2021-02-14,300
DK,biden,,18,2024-07-22,Denmark,Central Denmark Region,DK-82,2021-03-28,300
DK,biden,1,18,2024-07-22,Denmark,Central Denmark Region,DK-82,2021-05-09,300
DK,biden,,18,2024-07-22,Denmark,Central Denmark Region,DK-82,2021-09-26,300
DK,biden,1,18,2024-07-22,Denmark,Central Denmark Region,DK-82,2021-12-05,300
DK,biden,1,18,2024-07-22,Denmark,Central Denmark Region,DK-82,2021-12-26,300
DK,biden,1,18,2024-07-22,Denmark,Central Denmark Region,DK-82,2022-01-02,300
DK,biden,1,18,2024-07-22,Denmark,Central Denmark Region,DK-82,2022-03-06,300
DK,biden,2,18,2024-07-22,Denmark,Central Denmark Region,DK-82,2022-03-20,300
DK,biden,2,18,2024-07-22,Denmark,Central Denmark Region,DK-82,2022-03-27,300
DK,biden,1,18,2024-07-22,Denmark,Central Denmark Region,DK-82,2022-05-08,300
DK,biden,1,18,2024-07-22,Denmark,Central Denmark Region,DK-82,2022-07-17,300
DK,biden,,18,2024-07-22,Denmark,Central Denmark Region,DK-82,2022-08-14,300
DK,biden,1,18,2024-07-22,Denmark,Central Denmark Region,DK-82,2022-09-04,300
DK,biden,1,18,2024-07-22,Denmark,Central Denmark Region,DK-82,2022-10-16,300
DK,biden,4,18,2024-07-22,Denmark,Central Denmark Region,DK-82,2022-11-06,300
DK,biden,1,18,2024-07-22,Denmark,Central Denmark Region,DK-82,2023-01-01,300
DK,biden,1,18,2024-07-22,Denmark,Central Denmark Region,DK-82,2023-01-22,300
DK,biden,1,18,2024-07-22,Denmark,Central Denmark Region,DK-82,2023-03-05,300
DK,biden,1,18,2024-07-22,Denmark,Central Denmark Region,DK-82,2023-03-19,300
DK,biden,1,18,2024-07-22,Denmark,Central Denmark Region,DK-82,2023-05-21,300
DK,biden,1,18,2024-07-22,Denmark,Central Denmark Region,DK-82,2023-06-25,300
DK,biden,1,18,2024-07-22,Denmark,Central Denmark Region,DK-82,2023-09-10,300
DK,biden,1,18,2024-07-22,Denmark,Central Denmark Region,DK-82,2023-11-26,300
DK,biden,1,18,2024-07-22,Denmark,Central Denmark Region,DK-82,2024-04-07,300
DK,biden,1,18,2024-07-22,Denmark,Central Denmark Region,DK-82,2024-04-28,300
DK,biden,5,18,2024-07-22,Denmark,Central Denmark Region,DK-82,2024-06-23,300
DK,biden,,18,2024-07-22,Denmark,Region Syddanmark,DK-83,2019-11-03,300
DK,biden,1,18,2024-07-22,Denmark,Region Syddanmark,DK-83,2020-04-12,300
DK,biden,,18,2024-07-22,Denmark,Region Syddanmark,DK-83,2020-04-19,300
DK,biden,1,18,2024-07-22,Denmark,Region Syddanmark,DK-83,2020-04-26,300
DK,biden,1,18,2024-07-22,Denmark,Region Syddanmark,DK-83,2020-06-07,300
DK,biden,1,18,2024-07-22,Denmark,Region Syddanmark,DK-83,2020-06-21,300
DK,biden,1,18,2024-07-22,Denmark,Region Syddanmark,DK-83,2021-01-31,300
DK,biden,1,18,2024-07-22,Denmark,Region Syddanmark,DK-83,2021-03-28,300
DK,biden,1,18,2024-07-22,Denmark,Region Syddanmark,DK-83,2021-04-04,300
DK,biden,2,18,2024-07-22,Denmark,Region Syddanmark,DK-83,2021-04-11,300
DK,biden,1,18,2024-07-22,Denmark,Region Syddanmark,DK-83,2021-12-26,300
DK,biden,1,18,2024-07-22,Denmark,Region Syddanmark,DK-83,2022-01-16,300
DK,biden,,18,2024-07-22,Denmark,Region Syddanmark,DK-83,2022-01-23,300
DK,biden,2,18,2024-07-22,Denmark,Region Syddanmark,DK-83,2022-03-20,300
DK,biden,1,18,2024-07-22,Denmark,Region Syddanmark,DK-83,2022-04-03,300
DK,biden,1,18,2024-07-22,Denmark,Region Syddanmark,DK-83,2022-07-24,300
DK,biden,1,18,2024-07-22,Denmark,Region Syddanmark,DK-83,2022-08-21,300
DK,biden,1,18,2024-07-22,Denmark,Region Syddanmark,DK-83,2022-08-28,300
DK,biden,1,18,2024-07-22,Denmark,Region Syddanmark,DK-83,2022-12-25,300
DK,biden,1,18,2024-07-22,Denmark,Region Syddanmark,DK-83,2023-02-05,300
DK,biden,1,18,2024-07-22,Denmark,Region Syddanmark,DK-83,2023-03-12,300
DK,biden,1,18,2024-07-22,Denmark,Region Syddanmark,DK-83,2023-03-19,300
DK,biden,1,18,2024-07-22,Denmark,Region Syddanmark,DK-83,2024-06-02,300
DK,biden,5,18,2024-07-22,Denmark,Region Syddanmark,DK-83,2024-06-30,300
DK,biden,31,18,2024-07-22,Denmark,Region Syddanmark,DK-83,2024-07-21,300
DK,biden,,18,2024-07-22,Denmark,Capital Region of Denmark,DK-84,2019-10-06,300
DK,biden,,18,2024-07-22,Denmark,Capital Region of Denmark,DK-84,2019-10-13,300
DK,biden,,18,2024-07-22,Denmark,Capital Region of Denmark,DK-84,2020-02-16,300
DK,biden,2,18,2024-07-22,Denmark,Capital Region of Denmark,DK-84,2020-03-08,300
DK,biden,1,18,2024-07-22,Denmark,Capital Region of Denmark,DK-84,2020-05-03,300
DK,biden,1,18,2024-07-22,Denmark,Capital Region of Denmark,DK-84,2020-05-10,300
DK,biden,1,18,2024-07-22,Denmark,Capital Region of Denmark,DK-84,2020-07-26,300
DK,biden,1,18,2024-07-22,Denmark,Capital Region of Denmark,DK-84,2020-09-06,300
DK,biden,1,18,2024-07-22,Denmark,Capital Region of Denmark,DK-84,2020-12-06,300
DK,biden,2,18,2024-07-22,Denmark,Capital Region of Denmark,DK-84,2021-04-11,300
DK,biden,1,18,2024-07-22,Denmark,Capital Region of Denmark,DK-84,2021-04-25,300
DK,biden,1,18,2024-07-22,Denmark,Capital Region of Denmark,DK-84,2021-06-20,300
DK,biden,,18,2024-07-22,Denmark,Capital Region of Denmark,DK-84,2021-07-04,300
DK,biden,1,18,2024-07-22,Denmark,Capital Region of Denmark,DK-84,2021-12-26,300
DK,biden,1,18,2024-07-22,Denmark,Capital Region of Denmark,DK-84,2022-02-06,300
DK,biden,1,18,2024-07-22,Denmark,Capital Region of Denmark,DK-84,2023-08-27,300
DK,biden,1,18,2024-07-22,Denmark,Capital Region of Denmark,DK-84,2023-10-08,300
DK,biden,1,18,2024-07-22,Denmark,Capital Region of Denmark,DK-84,2023-12-17,300
DK,biden,1,18,2024-07-22,Denmark,Capital Region of Denmark,DK-84,2023-12-24,300
DK,biden,2,18,2024-07-22,Denmark,Capital Region of Denmark,DK-84,2023-12-31,300
DK,biden,1,18,2024-07-22,Denmark,Capital Region of Denmark,DK-84,2024-01-14,300
DK,biden,1,18,2024-07-22,Denmark,Capital Region of Denmark,DK-84,2024-03-24,300
DK,biden,1,18,2024-07-22,Denmark,Capital Region of Denmark,DK-84,2024-04-28,300
DK,biden,7,18,2024-07-22,Denmark,Capital Region of Denmark,DK-84,2024-07-07,300
DK,biden,,18,2024-07-22,Denmark,Region Zealand,DK-85,2019-08-11,300
DK,biden,,18,2024-07-22,Denmark,Region Zealand,DK-85,2019-08-18,300
DK,biden,,18,2024-07-22,Denmark,Region Zealand,DK-85,2019-08-25,300
DK,biden,,18,2024-07-22,Denmark,Region Zealand,DK-85,2019-11-10,300
DK,biden,,18,2024-07-22,Denmark,Region Zealand,DK-85,2019-12-01,300
DK,biden,,18,2024-07-22,Denmark,Region Zealand,DK-85,2019-12-08,300
DK,biden,,18,2024-07-22,Denmark,Region Zealand,DK-85,2019-12-15,300
DK,biden,,18,2024-07-22,Denmark,Region Zealand,DK-85,2020-01-12,300
DK,biden,1,18,2024-07-22,Denmark,Region Zealand,DK-85,2020-03-08,300
DK,biden,,18,2024-07-22,Denmark,Region Zealand,DK-85,2020-06-14,300
DK,biden,,18,2024-07-22,Denmark,Region Zealand,DK-85,2020-06-28,300
DK,biden,,18,2024-07-22,Denmark,Region Zealand,DK-85,2021-02-14,300
DK,biden,,18,2024-07-22,Denmark,Region Zealand,DK-85,2021-07-04,300
DK,biden,,18,2024-07-22,Denmark,Region Zealand,DK-85,2021-10-03,300
DK,biden,1,18,2024-07-22,Denmark,Region Zealand,DK-85,2022-01-23,300
DK,biden,1,18,2024-07-22,Denmark,Region Zealand,DK-85,2022-03-13,300
DK,biden,,18,2024-07-22,Denmark,Region Zealand,DK-85,2022-10-09,300
DK,biden,1,18,2024-07-22,Denmark,Region Zealand,DK-85,2022-10-30,300
DK,biden,,18,2024-07-22,Denmark,Region Zealand,DK-85,2023-01-15,300
DK,biden,1,18,2024-07-22,Denmark,Region Zealand,DK-85,2023-03-05,300
DK,biden,1,18,2024-07-22,Denmark,Region Zealand,DK-85,2023-07-09,300
DK,biden,1,18,2024-07-22,Denmark,Region Zealand,DK-85,2023-10-08,300
DK,biden,1,18,2024-07-22,Denmark,Region Zealand,DK-85,2023-10-15,300
DK,biden,1,18,2024-07-22,Denmark,Region Zealand,DK-85,2023-10-29,300
DK,biden,1,18,2024-07-22,Denmark,Region Zealand,DK-85,2024-02-18,300
DK,biden,2,18,2024-07-22,Denmark,Region Zealand,DK-85,2024-03-10,300
DK,biden,5,18,2024-07-22,Denmark,Region Zealand,DK-85,2024-06-23,300
DK,cavendish,,11,2024-07-22,Denmark,North Denmark Region,DK-81,2019-07-28,650
DK,cavendish,,11,2024-07-22,Denmark,North Denmark Region,DK-81,2020-02-16,650
DK,cavendish,,11,2024-07-22,Denmark,North Denmark Region,DK-81,2020-05-24,650
DK,cavendish,,11,2024-07-22,Denmark,North Denmark Region,DK-81,2020-05-31,650
DK,cavendish,,11,2024-07-22,Denmark,North Denmark Region,DK-81,2020-06-07,650
DK,cavendish,,11,2024-07-22,Denmark,North Denmark Region,DK-81,2021-05-09,650
DK,cavendish,,11,2024-07-22,Denmark,North Denmark Region,DK-81,2021-08-15,650
DK,cavendish,,11,2024-07-22,Denmark,North Denmark Region,DK-81,2021-08-29,650
DK,cavendish,,11,2024-07-22,Denmark,North Denmark Region,DK-81,2021-10-03,650
DK,cavendish,,11,2024-07-22,Denmark,North Denmark Region,DK-81,2021-12-12,650
DK,cavendish,,11,2024-07-22,Denmark,North Denmark Region,DK-81,2022-03-13,650
DK,cavendish,,11,2024-07-22,Denmark,North Denmark Region,DK-81,2022-05-01,650
DK,cavendish,,11,2024-07-22,Denmark,North Denmark Region,DK-81,2022-06-26,650
DK,cavendish,,11,2024-07-22,Denmark,North Denmark Region,DK-81,2022-07-10,650
DK,cavendish,,11,2024-07-22,Denmark,North Denmark Region,DK-81,2022-11-06,650
DK,cavendish,,11,2024-07-22,Denmark,North Denmark Region,DK-81,2023-01-08,650
DK,cavendish,,11,2024-07-22,Denmark,North Denmark Region,DK-81,2023-06-18,650
DK,cavendish,,11,2024-07-22,Denmark,North Denmark Region,DK-81,2023-07-09,650
DK,cavendish,,11,2024-07-22,Denmark,North Denmark Region,DK-81,2023-07-30,650
DK,cavendish,,11,2024-07-22,Denmark,North Denmark Region,DK-81,2023-09-24,650
DK,cavendish,,11,2024-07-22,Denmark,North Denmark Region,DK-81,2023-10-08,650
DK,cavendish,,11,2024-07-22,Denmark,North Denmark Region,DK-81,2024-05-26,650
DK,cavendish,,11,2024-07-22,Denmark,Central Denmark Region,DK-82,2019-08-04,650
DK,cavendish,,11,2024-07-22,Denmark,Central Denmark Region,DK-82,2019-09-08,650
DK,cavendish,,11,2024-07-22,Denmark,Central Denmark Region,DK-82,2019-10-06,650
DK,cavendish,,11,2024-07-22,Denmark,Central Denmark Region,DK-82,2019-10-13,650
DK,cavendish,,11,2024-07-22,Denmark,Central Denmark Region,DK-82,2019-12-08,650
DK,cavendish,,11,2024-07-22,Denmark,Central Denmark Region,DK-82,2019-12-22,650
DK,cavendish,,11,2024-07-22,Denmark,Central Denmark Region,DK-82,2020-02-02,650
DK,cavendish,,11,2024-07-22,Denmark,Central Denmark Region,DK-82,2020-02-23,650
DK,cavendish,,11,2024-07-22,Denmark,Central Denmark Region,DK-82,2020-03-01,650
DK,cavendish,,11,2024-07-22,Denmark,Central Denmark Region,DK-82,2020-04-12,650
DK,cavendish,,11,2024-07-22,Denmark,Central Denmark Region,DK-82,2020-04-26,650
DK,cavendish,,11,2024-07-22,Denmark,Central Denmark Region,DK-82,2020-05-31,650
DK,cavendish,,11,2024-07-22,Denmark,Central Denmark Region,DK-82,2020-06-28,650
DK,cavendish,,11,2024-07-22,Denmark,Central Denmark Region,DK-82,2020-08-23,650
DK,cavendish,,11,2024-07-22,Denmark,Central Denmark Region,DK-82,2020-11-08,650
DK,cavendish,,11,2024-07-22,Denmark,Central Denmark Region,DK-82,2020-12-13,650
DK,cavendish,,11,2024-07-22,Denmark,Central Denmark Region,DK-82,2021-05-16,650
DK,cavendish,,11,2024-07-22,Denmark,Central Denmark Region,DK-82,2022-01-23,650
DK,cavendish,,11,2024-07-22,Denmark,Central Denmark Region,DK-82,2022-03-27,650
DK,cavendish,,11,2024-07-22,Denmark,Central Denmark Region,DK-82,2022-05-01,650
DK,cavendish,,11,2024-07-22,Denmark,Central Denmark Region,DK-82,2022-05-15,650
DK,cavendish,,11,2024-07-22,Denmark,Central Denmark Region,DK-82,2022-08-21,650
DK,cavendish,,11,2024-07-22,Denmark,Central Denmark Region,DK-82,2022-10-30,650
DK,cavendish,,11,2024-07-22,Denmark,Central Denmark Region,DK-82,2022-11-27,650
DK,cavendish,,11,2024-07-22,Denmark,Central Denmark Region,DK-82,2023-01-22,650
DK,cavendish,,11,2024-07-22,Denmark,Central Denmark Region,DK-82,2023-02-12,650
DK,cavendish,,11,2024-07-22,Denmark,Central Denmark Region,DK-82,2023-04-16,650
DK,cavendish,,11,2024-07-22,Denmark,Central Denmark Region,DK-82,2023-08-06,650
DK,cavendish,,11,2024-07-22,Denmark,Central Denmark Region,DK-82,2023-08-27,650
DK,cavendish,,11,2024-07-22,Denmark,Central Denmark Region,DK-82,2023-09-10,650
DK,cavendish,,11,2024-07-22,Denmark,Central Denmark Region,DK-82,2023-11-19,650
DK,cavendish,,11,2024-07-22,Denmark,Central Denmark Region,DK-82,2024-01-14,650
DK,cavendish,,11,2024-07-22,Denmark,Central Denmark Region,DK-82,2024-01-21,650
DK,cavendish,,11,2024-07-22,Denmark,Central Denmark Region,DK-82,2024-02-25,650
DK,cavendish,,11,2024-07-22,Denmark,Central Denmark Region,DK-82,2024-03-31,650
DK,cavendish,,11,2024-07-22,Denmark,Central Denmark Region,DK-82,2024-04-07,650
DK,cavendish,,11,2024-07-22,Denmark,Central Denmark Region,DK-82,2024-05-05,650
DK,cavendish,100,11,2024-07-22,Denmark,Central Denmark Region,DK-82,2024-07-21,650
DK,cavendish,,11,2024-07-22,Denmark,Region Syddanmark,DK-83,2019-09-22,650
DK,cavendish,,11,2024-07-22,Denmark,Region Syddanmark,DK-83,2020-03-22,650
DK,cavendish,,11,2024-07-22,Denmark,Region Syddanmark,DK-83,2020-07-05,650
DK,cavendish,,11,2024-07-22,Denmark,Region Syddanmark,DK-83,2020-11-29,650
DK,cavendish,,11,2024-07-22,Denmark,Region Syddanmark,DK-83,2021-01-24,650
DK,cavendish,,11,2024-07-22,Denmark,Region Syddanmark,DK-83,2021-03-14,650
DK,cavendish,,11,2024-07-22,Denmark,Region Syddanmark,DK-83,2021-04-11,650
DK,cavendish,,11,2024-07-22,Denmark,Region Syddanmark,DK-83,2021-05-16,650
DK,cavendish,,11,2024-07-22,Denmark,Region Syddanmark,DK-83,2021-06-06,650
DK,cavendish,,11,2024-07-22,Denmark,Region Syddanmark,DK-83,2021-08-15,650
DK,cavendish,,11,2024-07-22,Denmark,Region Syddanmark,DK-83,2022-01-16,650
DK,cavendish,,11,2024-07-22,Denmark,Region Syddanmark,DK-83,2022-04-24,650
DK,cavendish,,11,2024-07-22,Denmark,Region Syddanmark,DK-83,2022-05-15,650
DK,cavendish,,11,2024-07-22,Denmark,Region Syddanmark,DK-83,2022-11-06,650
DK,cavendish,,11,2024-07-22,Denmark,Region Syddanmark,DK-83,2023-01-22,650
DK,cavendish,,11,2024-07-22,Denmark,Region Syddanmark,DK-83,2023-01-29,650
DK,cavendish,,11,2024-07-22,Denmark,Region Syddanmark,DK-83,2023-03-12,650
DK,cavendish,,11,2024-07-22,Denmark,Region Syddanmark,DK-83,2023-04-02,650
DK,cavendish,,11,2024-07-22,Denmark,Region Syddanmark,DK-83,2023-04-16,650
DK,cavendish,,11,2024-07-22,Denmark,Region Syddanmark,DK-83,2023-05-21,650
DK,cavendish,,11,2024-07-22,Denmark,Region Syddanmark,DK-83,2023-08-20,650
DK,cavendish,,11,2024-07-22,Denmark,Region Syddanmark,DK-83,2023-09-03,650
DK,cavendish,,11,2024-07-22,Denmark,Region Syddanmark,DK-83,2024-01-14,650
DK,cavendish,,11,2024-07-22,Denmark,Region Syddanmark,DK-83,2024-01-28,650
DK,cavendish,,11,2024-07-22,Denmark,Region Syddanmark,DK-83,2024-04-21,650
DK,cavendish,,11,2024-07-22,Denmark,Region Syddanmark,DK-83,2024-05-05,650
DK,cavendish,,11,2024-07-22,Denmark,Region Syddanmark,DK-83,2024-05-19,650
DK,cavendish,14,11,2024-07-22,Denmark,Region Syddanmark,DK-83,2024-05-26,650
DK,cavendish,14,11,2024-07-22,Denmark,Region Syddanmark,DK-83,2024-07-07,650
DK,cavendish,14,11,2024-07-22,Denmark,Region Syddanmark,DK-83,2024-07-14,650
DK,cavendish,,11,2024-07-22,Denmark,Capital Region of Denmark,DK-84,2019-07-21,650
DK,cavendish,,11,2024-07-22,Denmark,Capital Region of Denmark,DK-84,2020-05-10,650
DK,cavendish,,11,2024-07-22,Denmark,Capital Region of Denmark,DK-84,2020-05-17,650
DK,cavendish,,11,2024-07-22,Denmark,Capital Region of Denmark,DK-84,2020-08-30,650
DK,cavendish,,11,2024-07-22,Denmark,Capital Region of Denmark,DK-84,2020-09-06,650
DK,cavendish,,11,2024-07-22,Denmark,Capital Region of Denmark,DK-84,2020-10-11,650
DK,cavendish,,11,2024-07-22,Denmark,Capital Region of Denmark,DK-84,2020-10-18,650
DK,cavendish,,11,2024-07-22,Denmark,Capital Region of Denmark,DK-84,2021-02-07,650
DK,cavendish,,11,2024-07-22,Denmark,Capital Region of Denmark,DK-84,2021-03-21,650
DK,cavendish,,11,2024-07-22,Denmark,Capital Region of Denmark,DK-84,2021-05-23,650
DK,cavendish,,11,2024-07-22,Denmark,Capital Region of Denmark,DK-84,2022-04-10,650
DK,cavendish,,11,2024-07-22,Denmark,Capital Region of Denmark,DK-84,2022-04-17,650
DK,cavendish,,11,2024-07-22,Denmark,Capital Region of Denmark,DK-84,2022-04-24,650
DK,cavendish,7,11,2024-07-22,Denmark,Capital Region of Denmark,DK-84,2022-05-08,650
DK,cavendish,,11,2024-07-22,Denmark,Capital Region of Denmark,DK-84,2022-05-29,650
DK,cavendish,,11,2024-07-22,Denmark,Capital Region of Denmark,DK-84,2022-09-25,650
DK,cavendish,,11,2024-07-22,Denmark,Capital Region of Denmark,DK-84,2022-11-13,650
DK,cavendish,,11,2024-07-22,Denmark,Capital Region of Denmark,DK-84,2023-01-22,650
DK,cavendish,,11,2024-07-22,Denmark,Capital Region of Denmark,DK-84,2023-05-07,650
DK,cavendish,,11,2024-07-22,Denmark,Capital Region of Denmark,DK-84,2023-05-14,650
DK,cavendish,11,11,2024-07-22,Denmark,Capital Region of Denmark,DK-84,2023-05-28,650
DK,cavendish,14,11,2024-07-22,Denmark,Capital Region of Denmark,DK-84,2023-06-25,650
DK,cavendish,9,11,2024-07-22,Denmark,Capital Region of Denmark,DK-84,2023-08-06,650
DK,cavendish,,11,2024-07-22,Denmark,Capital Region of Denmark,DK-84,2023-08-13,650
DK,cavendish,,11,2024-07-22,Denmark,Capital Region of Denmark,DK-84,2023-10-08,650
DK,cavendish,,11,2024-07-22,Denmark,Capital Region of Denmark,DK-84,2023-10-22,650
DK,cavendish,,11,2024-07-22,Denmark,Capital Region of Denmark,DK-84,2023-12-17,650
DK,cavendish,,11,2024-07-22,Denmark,Capital Region of Denmark,DK-84,2024-01-14,650
DK,cavendish,,11,2024-07-22,Denmark,Capital Region of Denmark,DK-84,2024-01-28,650
DK,cavendish,,11,2024-07-22,Denmark,Capital Region of Denmark,DK-84,2024-03-31,650
DK,cavendish,,11,2024-07-22,Denmark,Capital Region of Denmark,DK-84,2024-06-02,650
DK,cavendish,91,11,2024-07-22,Denmark,Capital Region of Denmark,DK-84,2024-06-30,650
DK,cavendish,,11,2024-07-22,Denmark,Region Zealand,DK-85,2019-09-29,650
DK,cavendish,,11,2024-07-22,Denmark,Region Zealand,DK-85,2019-10-13,650
DK,cavendish,,11,2024-07-22,Denmark,Region Zealand,DK-85,2019-11-17,650
DK,cavendish,,11,2024-07-22,Denmark,Region Zealand,DK-85,2020-04-26,650
DK,cavendish,,11,2024-07-22,Denmark,Region Zealand,DK-85,2020-07-19,650
DK,cavendish,,11,2024-07-22,Denmark,Region Zealand,DK-85,2020-07-26,650
DK,cavendish,,11,2024-07-22,Denmark,Region Zealand,DK-85,2020-10-18,650
DK,cavendish,,11,2024-07-22,Denmark,Region Zealand,DK-85,2021-05-02,650
DK,cavendish,,11,2024-07-22,Denmark,Region Zealand,DK-85,2021-06-06,650
DK,cavendish,,11,2024-07-22,Denmark,Region Zealand,DK-85,2021-10-03,650
DK,cavendish,,11,2024-07-22,Denmark,Region Zealand,DK-85,2021-10-10,650
DK,cavendish,,11,2024-07-22,Denmark,Region Zealand,DK-85,2022-01-23,650
DK,cavendish,,11,2024-07-22,Denmark,Region Zealand,DK-85,2022-02-13,650
DK,cavendish,,11,2024-07-22,Denmark,Region Zealand,DK-85,2023-04-16,650
DK,cavendish,,11,2024-07-22,Denmark,Region Zealand,DK-85,2023-06-11,650
DK,cavendish,,11,2024-07-22,Denmark,Region Zealand,DK-85,2023-07-16,650
DK,cavendish,,11,2024-07-22,Denmark,Region Zealand,DK-85,2023-10-01,650
DK,cavendish,,11,2024-07-22,Denmark,Region Zealand,DK-85,2024-03-17,650
DK,cavendish,,11,2024-07-22,Denmark,Region Zealand,DK-85,2024-03-24,650
DK,cavendish,,11,2024-07-22,Denmark,Region Zealand,DK-85,2024-05-26,650
DK,dmi radar,12,23,2024-07-22,Denmark,North Denmark Region,DK-81,2019-09-01,250
DK,dmi radar,12,23,2024-07-22,Denmark,North Denmark Region,DK-81,2019-09-22,250
DK,dmi radar,,23,2024-07-22,Denmark,North Denmark Region,DK-81,2019-10-06,250
DK,dmi radar,,23,2024-07-22,Denmark,North Denmark Region,DK-81,2019-11-10,250
DK,dmi radar,,23,2024-07-22,Denmark,North Denmark Region,DK-81,2019-11-17,250
DK,dmi radar,,23,2024-07-22,Denmark,North Denmark Region,DK-81,2019-12-08,250
DK,dmi radar,,23,2024-07-22,Denmark,North Denmark Region,DK-81,2020-01-12,250
DK,dmi radar,,23,2024-07-22,Denmark,North Denmark Region,DK-81,2020-05-03,250
DK,dmi radar,24,23,2024-07-22,Denmark,North Denmark Region,DK-81,2020-06-28,250
DK,dmi radar,11,23,2024-07-22,Denmark,North Denmark Region,DK-81,2020-07-12,250
DK,dmi radar,9,23,2024-07-22,Denmark,North Denmark Region,DK-81,2020-09-06,250
DK,dmi radar,,23,2024-07-22,Denmark,North Denmark Region,DK-81,2020-10-04,250
DK,dmi radar,,23,2024-07-22,Denmark,North Denmark Region,DK-81,2020-12-06,250
DK,dmi radar,,23,2024-07-22,Denmark,North Denmark Region,DK-81,2021-03-07,250
DK,dmi radar,,23,2024-07-22,Denmark,North Denmark Region,DK-81,2021-04-04,250
DK,dmi radar,14,23,2024-07-22,Denmark,North Denmark Region,DK-81,2021-06-13,250
DK,dmi radar,,23,2024-07-22,Denmark,North Denmark Region,DK-81,2021-11-07,250
DK,dmi radar,,23,2024-07-22,Denmark,North Denmark Region,DK-81,2022-01-16,250
DK,dmi radar,,23,2024-07-22,Denmark,North Denmark Region,DK-81,2022-04-17,250
DK,dmi radar,,23,2024-07-22,Denmark,North Denmark Region,DK-81,2022-04-24,250
DK,dmi radar,13,23,2024-07-22,Denmark,North Denmark Region,DK-81,2022-05-22,250
DK,dmi radar,8,23,2024-07-22,Denmark,North Denmark Region,DK-81,2022-06-12,250
DK,dmi radar,,23,2024-07-22,Denmark,North Denmark Region,DK-81,2022-07-10,250
DK,dmi radar,,23,2024-07-22,Denmark,North Denmark Region,DK-81,2023-02-12,250
DK,dmi radar,44,23,2024-07-22,Denmark,North Denmark Region,DK-81,2023-03-05,250
DK,dmi radar,12,23,2024-07-22,Denmark,North Denmark Region,DK-81,2023-03-26,250
DK,dmi radar,,23,2024-07-22,Denmark,North Denmark Region,DK-81,2023-05-07,250
DK,dmi radar,34,23,2024-07-22,Denmark,North Denmark Region,DK-81,2023-05-14,250
DK,dmi radar,28,23,2024-07-22,Denmark,North Denmark Region,DK-81,2023-08-27,250
DK,dmi radar,21,23,2024-07-22,Denmark,North Denmark Region,DK-81,2024-06-02,250
DK,dmi radar,32,23,2024-07-22,Denmark,North Denmark Region,DK-81,2024-06-23,250
DK,dmi radar,31,23,2024-07-22,Denmark,North Denmark Region,DK-81,2024-06-30,250
DK,dmi radar,,23,2024-07-22,Denmark,Central Denmark Region,DK-82,2020-01-26,250
DK,dmi radar,,23,2024-07-22,Denmark,Central Denmark Region,DK-82,2020-05-03,250
DK,dmi radar,7,23,2024-07-22,Denmark,Central Denmark Region,DK-82,2020-05-10,250
DK,dmi radar,11,23,2024-07-22,Denmark,Central Denmark Region,DK-82,2020-05-17,250
DK,dmi radar,,23,2024-07-22,Denmark,Central Denmark Region,DK-82,2020-08-09,250
DK,dmi radar,,23,2024-07-22,Denmark,Central Denmark Region,DK-82,2020-12-06,250
DK,dmi radar,,23,2024-07-22,Denmark,Central Denmark Region,DK-82,2021-02-28,250
DK,dmi radar,,23,2024-07-22,Denmark,Central Denmark Region,DK-82,2021-04-04,250
DK,dmi radar,30,23,2024-07-22,Denmark,Central Denmark Region,DK-82,2021-05-09,250
DK,dmi radar,40,23,2024-07-22,Denmark,Central Denmark Region,DK-82,2021-06-27,250
DK,dmi radar,76,23,2024-07-22,Denmark,Central Denmark Region,DK-82,2021-07-04,250
DK,dmi radar,,23,2024-07-22,Denmark,Central Denmark Region,DK-82,2021-11-07,250
DK,dmi radar,7,23,2024-07-22,Denmark,Central Denmark Region,DK-82,2022-01-02,250
DK,dmi radar,,23,2024-07-22,Denmark,Central Denmark Region,DK-82,2022-02-27,250
DK,dmi radar,20,23,2024-07-22,Denmark,Central Denmark Region,DK-82,2022-05-15,250
DK,dmi radar,10,23,2024-07-22,Denmark,Central Denmark Region,DK-82,2022-09-18,250
DK,dmi radar,21,23,2024-07-22,Denmark,Central Denmark Region,DK-82,2023-01-01,250
DK,dmi radar,13,23,2024-07-22,Denmark,Central Denmark Region,DK-82,2023-01-08,250
DK,dmi radar,17,23,2024-07-22,Denmark,Central Denmark Region,DK-82,2023-05-21,250
DK,dmi radar,73,23,2024-07-22,Denmark,Central Denmark Region,DK-82,2023-06-25,250
DK,dmi radar,12,23,2024-07-22,Denmark,Central Denmark Region,DK-82,2023-10-15,250
DK,dmi radar,13,23,2024-07-22,Denmark,Central Denmark Region,DK-82,2024-01-21,250
DK,dmi radar,66,23,2024-07-22,Denmark,Central Denmark Region,DK-82,2024-07-21,250
DK,dmi radar,8,23,2024-07-22,Denmark,Region Syddanmark,DK-83,2019-08-18,250
DK,dmi radar,6,23,2024-07-22,Denmark,Region Syddanmark,DK-83,2020-01-05,250
DK,dmi radar,,23,2024-07-22,Denmark,Region Syddanmark,DK-83,2020-04-05,250
DK,dmi radar,,23,2024-07-22,Denmark,Region Syddanmark,DK-83,2020-04-12,250
DK,dmi radar,,23,2024-07-22,Denmark,Region Syddanmark,DK-83,2020-08-09,250
DK,dmi radar,5,23,2024-07-22,Denmark,Region Syddanmark,DK-83,2020-09-27,250
DK,dmi radar,5,23,2024-07-22,Denmark,Region Syddanmark,DK-83,2020-12-13,250
DK,dmi radar,9,23,2024-07-22,Denmark,Region Syddanmark,DK-83,2021-06-13,250
DK,dmi radar,9,23,2024-07-22,Denmark,Region Syddanmark,DK-83,2021-10-03,250
DK,dmi radar,11,23,2024-07-22,Denmark,Region Syddanmark,DK-83,2021-11-28,250
DK,dmi radar,14,23,2024-07-22,Denmark,Region Syddanmark,DK-83,2021-12-19,250
DK,dmi radar,6,23,2024-07-22,Denmark,Region Syddanmark,DK-83,2022-01-09,250
DK,dmi radar,6,23,2024-07-22,Denmark,Region Syddanmark,DK-83,2022-01-16,250
DK,dmi radar,,23,2024-07-22,Denmark,Region Syddanmark,DK-83,2022-03-06,250
DK,dmi radar,19,23,2024-07-22,Denmark,Region Syddanmark,DK-83,2022-05-29,250
DK,dmi radar,21,23,2024-07-22,Denmark,Region Syddanmark,DK-83,2022-09-11,250
DK,dmi radar,11,23,2024-07-22,Denmark,Region Syddanmark,DK-83,2022-11-06,250
DK,dmi radar,8,23,2024-07-22,Denmark,Region Syddanmark,DK-83,2022-11-27,250
DK,dmi radar,8,23,2024-07-22,Denmark,Region Syddanmark,DK-83,2023-02-12,250
DK,dmi radar,,23,2024-07-22,Denmark,Region Syddanmark,DK-83,2023-05-28,250
DK,dmi radar,47,23,2024-07-22,Denmark,Region Syddanmark,DK-83,2023-06-18,250
DK,dmi radar,61,23,2024-07-22,Denmark,Region Syddanmark,DK-83,2023-07-16,250
DK,dmi radar,40,23,2024-07-22,Denmark,Region Syddanmark,DK-83,2023-08-13,250
DK,dmi radar,48,23,2024-07-22,Denmark,Region Syddanmark,DK-83,2023-09-17,250
DK,dmi radar,24,23,2024-07-22,Denmark,Region Syddanmark,DK-83,2023-10-15,250
DK,dmi radar,17,23,2024-07-22,Denmark,Region Syddanmark,DK-83,2023-11-19,250
DK,dmi radar,32,23,2024-07-22,Denmark,Region Syddanmark,DK-83,2023-12-03,250
DK,dmi radar,14,23,2024-07-22,Denmark,Region Syddanmark,DK-83,2024-04-07,250
DK,dmi radar,33,23,2024-07-22,Denmark,Region Syddanmark,DK-83,2024-06-23,250
DK,dmi radar,10,23,2024-07-22,Denmark,Capital Region of Denmark,DK-84,2019-09-22,250
DK,dmi radar,6,23,2024-07-22,Denmark,Capital Region of Denmark,DK-84,2019-10-20,250
DK,dmi radar,4,23,2024-07-22,Denmark,Capital Region of Denmark,DK-84,2019-10-27,250
DK,dmi radar,4,23,2024-07-22,Denmark,Capital Region of Denmark,DK-84,2019-11-24,250
DK,dmi radar,5,23,2024-07-22,Denmark,Capital Region of Denmark,DK-84,2019-12-15,250
DK,dmi radar,,23,2024-07-22,Denmark,Capital Region of Denmark,DK-84,2020-01-19,250
DK,dmi radar,5,23,2024-07-22,Denmark,Capital Region of Denmark,DK-84,2020-04-19,250
DK,dmi radar,40,23,2024-07-22,Denmark,Capital Region of Denmark,DK-84,2020-06-28,250
DK,dmi radar,18,23,2024-07-22,Denmark,Capital Region of Denmark,DK-84,2020-07-12,250
DK,dmi radar,20,23,2024-07-22,Denmark,Capital Region of Denmark,DK-84,2020-07-26,250
DK,dmi radar,,23,2024-07-22,Denmark,Capital Region of Denmark,DK-84,2021-02-21,250
DK,dmi radar,6,23,2024-07-22,Denmark,Capital Region of Denmark,DK-84,2021-03-14,250
DK,dmi radar,,23,2024-07-22,Denmark,Capital Region of Denmark,DK-84,2021-08-29,250
DK,dmi radar,19,23,2024-07-22,Denmark,Capital Region of Denmark,DK-84,2021-09-12,250
DK,dmi radar,17,23,2024-07-22,Denmark,Capital Region of Denmark,DK-84,2021-11-28,250
DK,dmi radar,,23,2024-07-22,Denmark,Capital Region of Denmark,DK-84,2021-12-12,250
DK,dmi radar,,23,2024-07-22,Denmark,Capital Region of Denmark,DK-84,2022-03-06,250
DK,dmi radar,18,23,2024-07-22,Denmark,Capital Region of Denmark,DK-84,2022-05-15,250
DK,dmi radar,35,23,2024-07-22,Denmark,Capital Region of Denmark,DK-84,2022-05-29,250
DK,dmi radar,12,23,2024-07-22,Denmark,Capital Region of Denmark,DK-84,2022-11-20,250
DK,dmi radar,9,23,2024-07-22,Denmark,Capital Region of Denmark,DK-84,2022-12-11,250
DK,dmi radar,4,23,2024-07-22,Denmark,Capital Region of Denmark,DK-84,2023-01-22,250
DK,dmi radar,70,23,2024-07-22,Denmark,Capital Region of Denmark,DK-84,2023-08-06,250
DK,dmi radar,45,23,2024-07-22,Denmark,Capital Region of Denmark,DK-84,2023-08-13,250
DK,dmi radar,24,23,2024-07-22,Denmark,Capital Region of Denmark,DK-84,2023-10-08,250
DK,dmi radar,20,23,2024-07-22,Denmark,Capital Region of Denmark,DK-84,2023-11-19,250
DK,dmi radar,7,23,2024-07-22,Denmark,Capital Region of Denmark,DK-84,2024-02-11,250
DK,dmi radar,5,23,2024-07-22,Denmark,Capital Region of Denmark,DK-84,2024-03-17,250
DK,dmi radar,38,23,2024-07-22,Denmark,Region Zealand,DK-85,2019-08-11,250
DK,dmi radar,56,23,2024-07-22,Denmark,Region Zealand,DK-85,2019-08-25,250
DK,dmi radar,,23,2024-07-22,Denmark,Region Zealand,DK-85,2019-12-29,250
DK,dmi radar,,23,2024-07-22,Denmark,Region Zealand,DK-85,2020-08-09,250
DK,dmi radar,,23,2024-07-22,Denmark,Region Zealand,DK-85,2020-09-13,250
DK,dmi radar,14,23,2024-07-22,Denmark,Region Zealand,DK-85,2021-01-31,250
DK,dmi radar,27,23,2024-07-22,Denmark,Region Zealand,DK-85,2021-05-02,250
DK,dmi radar,13,23,2024-07-22,Denmark,Region Zealand,DK-85,2021-07-11,250
DK,dmi radar,17,23,2024-07-22,Denmark,Region Zealand,DK-85,2021-09-05,250
DK,dmi radar,17,23,2024-07-22,Denmark,Region Zealand,DK-85,2021-09-12,250
DK,dmi radar,,23,2024-07-22,Denmark,Region Zealand,DK-85,2021-11-07,250
DK,dmi radar,6,23,2024-07-22,Denmark,Region Zealand,DK-85,2022-03-13,250
DK,dmi radar,,23,2024-07-22,Denmark,Region Zealand,DK-85,2022-03-27,250
DK,dmi radar,,23,2024-07-22,Denmark,Region Zealand,DK-85,2022-04-17,250
DK,dmi radar,27,23,2024-07-22,Denmark,Region Zealand,DK-85,2022-09-25,250
DK,dmi radar,7,23,2024-07-22,Denmark,Region Zealand,DK-85,2023-02-05,250
DK,dmi radar,,23,2024-07-22,Denmark,Region Zealand,DK-85,2023-02-26,250
DK,dmi radar,24,23,2024-07-22,Denmark,Region Zealand,DK-85,2023-03-05,250
DK,dmi radar,,23,2024-07-22,Denmark,Region Zealand,DK-85,2023-05-07,250
DK,dmi radar,24,23,2024-07-22,Denmark,Region Zealand,DK-85,2023-10-15,250
DK,dmi radar,28,23,2024-07-22,Denmark,Region Zealand,DK-85,2023-11-19,250
DK,dmi radar,8,23,2024-07-22,Denmark,Region Zealand,DK-85,2023-12-10,250
DK,dmi radar,9,23,2024-07-22,Denmark,Region Zealand,DK-85,2024-02-18,250
DK,dmi radar,15,23,2024-07-22,Denmark,Region Zealand,DK-85,2024-04-07,250
DK,enø bageri,,6,2024-07-22,Denmark,North Denmark Region,DK-81,2019-10-20,1050
DK,enø bageri,,6,2024-07-22,Denmark,North Denmark Region,DK-81,2019-11-24,1050
DK,enø bageri,,6,2024-07-22,Denmark,North Denmark Region,DK-81,2020-02-02,1050
DK,enø bageri,,6,2024-07-22,Denmark,North Denmark Region,DK-81,2020-06-14,1050
DK,enø bageri,,6,2024-07-22,Denmark,North Denmark Region,DK-81,2020-10-11,1050
DK,enø bageri,,6,2024-07-22,Denmark,North Denmark Region,DK-81,2020-10-25,1050
DK,enø bageri,,6,2024-07-22,Denmark,North Denmark Region,DK-81,2021-02-14,1050
DK,enø bageri,,6,2024-07-22,Denmark,North Denmark Region,DK-81,2021-03-14,1050
DK,enø bageri,,6,2024-07-22,Denmark,North Denmark Region,DK-81,2021-04-04,1050
DK,enø bageri,,6,2024-07-22,Denmark,North Denmark Region,DK-81,2021-06-06,1050
DK,enø bageri,,6,2024-07-22,Denmark,North Denmark Region,DK-81,2021-06-20,1050
DK,enø bageri,,6,2024-07-22,Denmark,North Denmark Region,DK-81,2021-09-05,1050
DK,enø bageri,,6,2024-07-22,Denmark,North Denmark Region,DK-81,2021-10-10,1050
DK,enø bageri,,6,2024-07-22,Denmark,North Denmark Region,DK-81,2021-11-14,1050
DK,enø bageri,,6,2024-07-22,Denmark,North Denmark Region,DK-81,2022-02-13,1050
DK,enø bageri,,6,2024-07-22,Denmark,North Denmark Region,DK-81,2022-05-08,1050
DK,enø bageri,,6,2024-07-22,Denmark,North Denmark Region,DK-81,2022-10-23,1050
DK,enø bageri,,6,2024-07-22,Denmark,North Denmark Region,DK-81,2022-11-06,1050
DK,enø bageri,,6,2024-07-22,Denmark,North Denmark Region,DK-81,2023-01-22,1050
DK,enø bageri,,6,2024-07-22,Denmark,North Denmark Region,DK-81,2023-01-29,1050
DK,enø bageri,,6,2024-07-22,Denmark,North Denmark Region,DK-81,2023-03-05,1050
DK,enø bageri,,6,2024-07-22,Denmark,North Denmark Region,DK-81,2023-05-07,1050
DK,enø bageri,,6,2024-07-22,Denmark,North Denmark Region,DK-81,2023-05-14,1050
DK,enø bageri,,6,2024-07-22,Denmark,North Denmark Region,DK-81,2023-06-18,1050
DK,enø bageri,,6,2024-07-22,Denmark,North Denmark Region,DK-81,2023-07-23,1050
DK,enø bageri,,6,2024-07-22,Denmark,North Denmark Region,DK-81,2023-07-30,1050
DK,enø bageri,,6,2024-07-22,Denmark,North Denmark Region,DK-81,2023-09-17,1050
DK,enø bageri,,6,2024-07-22,Denmark,North Denmark Region,DK-81,2023-10-08,1050
DK,enø bageri,,6,2024-07-22,Denmark,North Denmark Region,DK-81,2023-12-03,1050
DK,enø bageri,,6,2024-07-22,Denmark,North Denmark Region,DK-81,2024-01-07,1050
DK,enø bageri,,6,2024-07-22,Denmark,North Denmark Region,DK-81,2024-01-14,1050
DK,enø bageri,,6,2024-07-22,Denmark,North Denmark Region,DK-81,2024-03-03,1050
DK,enø bageri,,6,2024-07-22,Denmark,North Denmark Region,DK-81,2024-03-17,1050
DK,enø bageri,,6,2024-07-22,Denmark,North Denmark Region,DK-81,2024-03-31,1050
DK,enø bageri,,6,2024-07-22,Denmark,North Denmark Region,DK-81,2024-05-05,1050
DK,enø bageri,,6,2024-07-22,Denmark,North Denmark Region,DK-81,2024-06-16,1050
DK,enø bageri,,6,2024-07-22,Denmark,Central Denmark Region,DK-82,2019-09-22,1050
DK,enø bageri,,6,2024-07-22,Denmark,Central Denmark Region,DK-82,2020-06-07,1050
DK,enø bageri,,6,2024-07-22,Denmark,Central Denmark Region,DK-82,2020-07-12,1050
DK,enø bageri,,6,2024-07-22,Denmark,Central Denmark Region,DK-82,2020-08-02,1050
DK,enø bageri,,6,2024-07-22,Denmark,Central Denmark Region,DK-82,2020-08-23,1050
DK,enø bageri,,6,2024-07-22,Denmark,Central Denmark Region,DK-82,2020-08-30,1050
DK,enø bageri,,6,2024-07-22,Denmark,Central Denmark Region,DK-82,2020-11-08,1050
DK,enø bageri,,6,2024-07-22,Denmark,Central Denmark Region,DK-82,2021-10-17,1050
DK,enø bageri,,6,2024-07-22,Denmark,Central Denmark Region,DK-82,2021-11-07,1050
DK,enø bageri,,6,2024-07-22,Denmark,Central Denmark Region,DK-82,2022-01-09,1050
DK,enø bageri,,6,2024-07-22,Denmark,Central Denmark Region,DK-82,2022-03-13,1050
DK,enø bageri,,6,2024-07-22,Denmark,Central Denmark Region,DK-82,2022-05-01,1050
DK,enø bageri,,6,2024-07-22,Denmark,Central Denmark Region,DK-82,2022-07-10,1050
DK,enø bageri,,6,2024-07-22,Denmark,Central Denmark Region,DK-82,2022-07-31,1050
DK,enø bageri,,6,2024-07-22,Denmark,Central Denmark Region,DK-82,2022-12-11,1050
DK,enø bageri,,6,2024-07-22,Denmark,Central Denmark Region,DK-82,2023-02-05,1050
DK,enø bageri,,6,2024-07-22,Denmark,Central Denmark Region,DK-82,2023-02-26,1050
DK,enø bageri,,6,2024-07-22,Denmark,Central Denmark Region,DK-82,2023-04-16,1050
DK,enø bageri,,6,2024-07-22,Denmark,Central Denmark Region,DK-82,2023-05-21,1050
DK,enø bageri,,6,2024-07-22,Denmark,Central Denmark Region,DK-82,2023-10-08,1050
DK,enø bageri,,6,2024-07-22,Denmark,Central Denmark Region,DK-82,2023-12-10,1050
DK,enø bageri,,6,2024-07-22,Denmark,Central Denmark Region,DK-82,2024-01-14,1050
DK,enø bageri,,6,2024-07-22,Denmark,Central Denmark Region,DK-82,2024-03-17,1050
DK,enø bageri,,6,2024-07-22,Denmark,Central Denmark Region,DK-82,2024-04-21,1050
DK,enø bageri,,6,2024-07-22,Denmark,Central Denmark Region,DK-82,2024-05-26,1050
DK,enø bageri,,6,2024-07-22,Denmark,Region Syddanmark,DK-83,2019-09-22,1050
DK,enø bageri,,6,2024-07-22,Denmark,Region Syddanmark,DK-83,2020-04-05,1050
DK,enø bageri,,6,2024-07-22,Denmark,Region Syddanmark,DK-83,2020-08-16,1050
DK,enø bageri,,6,2024-07-22,Denmark,Region Syddanmark,DK-83,2020-08-23,1050
DK,enø bageri,,6,2024-07-22,Denmark,Region Syddanmark,DK-83,2020-11-08,1050
DK,enø bageri,,6,2024-07-22,Denmark,Region Syddanmark,DK-83,2020-11-22,1050
DK,enø bageri,,6,2024-07-22,Denmark,Region Syddanmark,DK-83,2021-03-21,1050
DK,enø bageri,,6,2024-07-22,Denmark,Region Syddanmark,DK-83,2021-05-30,1050
DK,enø bageri,,6,2024-07-22,Denmark,Region Syddanmark,DK-83,2021-07-11,1050
DK,enø bageri,,6,2024-07-22,Denmark,Region Syddanmark,DK-83,2021-09-19,1050
DK,enø bageri,,6,2024-07-22,Denmark,Region Syddanmark,DK-83,2021-10-17,1050
DK,enø bageri,,6,2024-07-22,Denmark,Region Syddanmark,DK-83,2022-01-16,1050
DK,enø bageri,,6,2024-07-22,Denmark,Region Syddanmark,DK-83,2022-02-06,1050
DK,enø bageri,,6,2024-07-22,Denmark,Region Syddanmark,DK-83,2022-08-14,1050
DK,enø bageri,,6,2024-07-22,Denmark,Region Syddanmark,DK-83,2022-10-09,1050
DK,enø bageri,,6,2024-07-22,Denmark,Region Syddanmark,DK-83,2022-10-23,1050
DK,enø bageri,,6,2024-07-22,Denmark,Region Syddanmark,DK-83,2023-01-15,1050
DK,enø bageri,,6,2024-07-22,Denmark,Region Syddanmark,DK-83,2023-02-05,1050
DK,enø bageri,,6,2024-07-22,Denmark,Region Syddanmark,DK-83,2023-02-19,1050
DK,enø bageri,,6,2024-07-22,Denmark,Region Syddanmark,DK-83,2023-02-26,1050
DK,enø bageri,,6,2024-07-22,Denmark,Region Syddanmark,DK-83,2023-04-23,1050
DK,enø bageri,,6,2024-07-22,Denmark,Region Syddanmark,DK-83,2023-07-16,1050
DK,enø bageri,,6,2024-07-22,Denmark,Region Syddanmark,DK-83,2023-08-20,1050
DK,enø bageri,,6,2024-07-22,Denmark,Region Syddanmark,DK-83,2023-12-10,1050
DK,enø bageri,,6,2024-07-22,Denmark,Region Syddanmark,DK-83,2024-01-14,1050
DK,enø bageri,,6,2024-07-22,Denmark,Region Syddanmark,DK-83,2024-02-04,1050
DK,enø bageri,,6,2024-07-22,Denmark,Region Syddanmark,DK-83,2024-02-11,1050
DK,enø bageri,,6,2024-07-22,Denmark,Region Syddanmark,DK-83,2024-06-16,1050
DK,enø bageri,,6,2024-07-22,Denmark,Region Syddanmark,DK-83,2024-07-07,1050
DK,enø bageri,,6,2024-07-22,Denmark,Capital Region of Denmark,DK-84,2019-09-01,1050
DK,enø bageri,,6,2024-07-22,Denmark,Capital Region of Denmark,DK-84,2019-12-01,1050
DK,enø bageri,,6,2024-07-22,Denmark,Capital Region of Denmark,DK-84,2020-04-26,1050
DK,enø bageri,,6,2024-07-22,Denmark,Capital Region of Denmark,DK-84,2020-06-14,1050
DK,enø bageri,,6,2024-07-22,Denmark,Capital Region of Denmark,DK-84,2020-07-19,1050
DK,enø bageri,,6,2024-07-22,Denmark,Capital Region of Denmark,DK-84,2020-08-30,1050
DK,enø bageri,,6,2024-07-22,Denmark,Capital Region of Denmark,DK-84,2020-12-13,1050
DK,enø bageri,,6,2024-07-22,Denmark,Capital Region of Denmark,DK-84,2021-04-25,1050
DK,enø bageri,,6,2024-07-22,Denmark,Capital Region of Denmark,DK-84,2021-05-02,1050
DK,enø bageri,,6,2024-07-22,Denmark,Capital Region of Denmark,DK-84,2021-06-27,1050
DK,enø bageri,,6,2024-07-22,Denmark,Capital Region of Denmark,DK-84,2021-08-01,1050
DK,enø bageri,,6,2024-07-22,Denmark,Capital Region of Denmark,DK-84,2022-02-27,1050
DK,enø bageri,,6,2024-07-22,Denmark,Capital Region of Denmark,DK-84,2022-03-13,1050
DK,enø bageri,,6,2024-07-22,Denmark,Capital Region of Denmark,DK-84,2022-07-31,1050
DK,enø bageri,,6,2024-07-22,Denmark,Capital Region of Denmark,DK-84,2022-08-07,1050
DK,enø bageri,,6,2024-07-22,Denmark,Capital Region of Denmark,DK-84,2022-09-04,1050
DK,enø bageri,,6,2024-07-22,Denmark,Capital Region of Denmark,DK-84,2022-09-18,1050
DK,enø bageri,,6,2024-07-22,Denmark,Capital Region of Denmark,DK-84,2022-09-25,1050
DK,enø bageri,,6,2024-07-22,Denmark,Capital Region of Denmark,DK-84,2022-11-27,1050
DK,enø bageri,,6,2024-07-22,Denmark,Capital Region of Denmark,DK-84,2023-05-14,1050
